Div;Date;HomeTeam;AwayTeam;FTHG;FTAG;FTR;HTHG;HTAG;HTR;HS;AS;HST;AST;HFKC;AFKC;HC;AC;HY;AY;HR;AR;B365H;B365D;B365A;BWH;BWD;BWA;IWH;IWD;IWA;PSH;PSD;PSA;WHH;WHD;WHA;VCH;VCD;VCA;Bb1X2;BbMxH;BbAvH;BbMxD;BbAvD;BbMxA;BbAvA;BbOU;BbMx>2.5;BbAv>2.5;BbMx<2.5;BbAv<2.5;BbAH;BbAHh;BbMxAHH;BbAvAHH;BbMxAHA;BbAvAHA;PSCH;PSCD;PSCA
B1;27.07.2018;Standard de Liège;KAA Gent;3;2;H;1;1;D;10;11;8;5;22;18;2;5;2;3;0;0;Þub.14;3.Nis;Mar.25;2.Þub;Mar.25;3.May;Þub.15;3.Þub;Mar.25;Þub.26;Mar.34;Mar.44;Þub.15;3.Þub;3.Oca;Þub.25;3.Nis;Mar.25;40;Þub.31;Þub.21;3.Nis;Mar.24;3.May;Mar.26;38;Þub.13;2.May;Oca.81;Oca.74;21;-0.25;Oca.97;Oca.92;Oca.96;Oca.91;Þub.35;Mar.28;Mar.31
B1;28.07.2018;KV Kortrijk;RSC Anderlecht;1;4;A;0;2;A;8;11;1;6;22;19;6;2;2;1;0;0;4.May;3.Aðu;Oca.72;4.Nis;3.Aðu;Oca.72;Nis.15;Mar.85;Oca.73;Nis.29;Nis.18;Oca.76;3.Aðu;4.Þub;Oca.67;4.Mar;3.Eyl;Oca.75;40;4.May;Nis.21;4.Þub;Mar.86;Oca.82;Oca.74;35;Oca.67;Oca.63;Þub.33;Þub.21;19;0.75;1.Eyl;Oca.84;2.May;Oca.98;Mar.67;Mar.86;Oca.99
B1;28.07.2018;KV Oostende;Royal Excel Mouscron;2;1;H;0;1;A;11;6;5;2;22;21;4;0;4;5;0;2;Oca.53;Mar.75;7;Oca.53;4;6;1.May;4.May;5.Aðu;Oca.53;Nis.35;Haz.47;1.May;Nis.33;5;Oca.53;4.Oca;6;39;Oca.57;Oca.52;4.Nis;4.May;7;May.99;36;Oca.81;Oca.75;Þub.13;2.Nis;22;-1;Oca.97;1.Eyl;Oca.97;Oca.91;Oca.57;Nis.31;6.Aðu
B1;28.07.2018;Sint-Truidense VV;KSV Cercle Brugge;0;0;D;0;0;D;9;10;3;6;23;16;2;5;2;3;0;0;1.Eyl;3.Haz;3.Aðu;1.Eyl;3.Haz;3.Aðu;Oca.85;3.May;3.Eyl;Oca.91;Mar.68;4.Oca;Oca.83;3.Haz;3.Haz;Oca.87;3.Haz;4;39;Oca.97;Oca.89;Mar.68;Mar.51;4.Oca;Mar.89;36;Oca.97;1.Eyl;Oca.94;Oca.87;18;-0.5;Oca.94;Oca.89;Oca.99;Oca.94;Oca.68;Nis.31;Nis.91
B1;28.07.2018;SV Zulte-Waregem;Waasland-Beveren;2;2;D;1;0;H;8;6;5;4;19;18;5;4;3;2;0;0;Oca.44;4.May;6.May;1.May;Nis.25;6;Oca.46;4.Nis;6;Oca.47;Nis.74;Haz.68;Oca.44;Nis.75;5;Oca.45;Nis.75;Haz.25;39;Oca.51;Oca.45;4.Aðu;Nis.46;6.Aðu;Haz.17;34;Oca.58;Oca.55;2.May;Þub.39;20;-1;Oca.79;Oca.74;Þub.16;2.Aðu;Oca.46;Nis.91;6.Eyl
B1;29.07.2018;Sporting de Charleroi;Royal Antwerp FC;0;1;A;0;1;A;10;6;5;3;18;15;7;3;1;2;0;0;2;3.Mar;Mar.75;Oca.91;3.Nis;3.Eyl;Oca.97;3.Þub;Mar.75;2.May;Mar.38;Mar.89;Oca.95;3.Mar;3.May;2;3.Mar;3.Eyl;39;2.Tem;Oca.99;3.Nis;Mar.26;4;Mar.77;35;Þub.28;Þub.19;1.Tem;Oca.64;17;-0.5;2.Haz;Oca.99;Oca.88;Oca.83;2.Nis;Mar.38;3.Ara
B1;29.07.2018;Club Brugge KV;KAS Eupen;5;2;H;3;0;H;12;9;8;5;12;16;4;4;0;4;0;1;Oca.22;6.May;11;Oca.22;6;11.May;Oca.25;5.Tem;9.Aðu;Oca.24;Haz.51;Ara.63;1.Þub;6.May;9;Oca.25;6;11;40;Oca.29;Oca.23;Haz.52;6.Haz;Ara.87;Eki.41;34;1.May;Oca.44;Þub.75;Þub.65;19;-1.75;2;Oca.92;Oca.98;Oca.89;Oca.29;May.87;Kas.44
B1;29.07.2018;Sporting Lokeren;KRC Genk;0;4;A;0;2;A;5;20;1;7;14;8;2;9;1;0;1;0;Mar.75;3.Nis;2;3.Nis;3.May;2.May;Mar.55;Mar.45;Oca.97;Mar.69;Mar.65;2.Þub;Mar.25;3.Haz;Oca.95;3.May;3.May;2.May;40;Mar.75;Mar.49;Mar.65;Mar.42;2.Ara;2.Þub;36;Oca.92;Oca.85;Oca.99;Oca.91;18;0.5;Oca.85;Oca.79;2.Ara;2.Nis;Nis.37;4.Mar;Oca.75
B1;3.08.2018;Waasland-Beveren;Standard de Liège;0;0;D;0;0;D;7;19;4;11;15;11;3;10;3;1;0;1;3.Aðu;3.Aðu;Oca.85;Nis.33;3.Tem;Oca.83;Nis.15;Mar.55;1.Aðu;4.Nis;Mar.74;Oca.85;4;3.Tem;Oca.73;Nis.33;3.Haz;1.Aðu;38;4.Nis;Nis.14;Mar.85;Mar.62;Oca.88;Oca.82;34;2.Þub;Oca.94;Oca.92;Oca.84;17;0.5;2.Haz;2.Oca;Oca.87;Oca.82;Nis.74;Mar.62;Oca.83
B1;4.08.2018;Royal Antwerp FC;KV Kortrijk;0;0;D;0;0;D;24;0;12;0;14;21;9;1;1;2;0;0;Oca.83;3.Nis;4.May;Oca.85;3.Tem;4.Þub;Oca.77;Mar.55;Nis.25;Oca.85;Mar.68;Nis.39;Oca.75;3.Haz;4;Oca.83;3.Haz;4.Þub;39;Oca.89;Oca.82;3.Tem;Mar.53;4.May;4.Þub;35;Oca.99;Oca.91;Oca.95;Oca.86;17;-0.5;Oca.87;Oca.83;2.May;2;1.Tem;Mar.87;May.35
B1;4.08.2018;KSV Cercle Brugge;Sporting Lokeren;3;2;H;2;1;H;18;7;10;3;13;13;5;0;2;4;0;0;2;3.Haz;3.May;2;3.Haz;3.Tem;Oca.95;Mar.65;3.Nis;2;Mar.87;Mar.55;Oca.91;Mar.75;Mar.25;Oca.95;3.Tem;3.Haz;40;2.Nis;Oca.97;4;Mar.62;3.Tem;3.May;32;Oca.71;Oca.67;Þub.23;Þub.14;17;-0.5;2.Oca;Oca.96;Oca.93;Oca.87;2.Kas;Mar.64;Mar.51
B1;4.08.2018;KAS Eupen;Sporting de Charleroi;1;4;A;1;2;A;11;11;6;9;12;14;3;3;1;0;1;0;2.Tem;3.Þub;Þub.62;Þub.65;3.Nis;Þub.65;2.Haz;Mar.25;2.Haz;2.Tem;Mar.46;Þub.63;2.May;3.Nis;Þub.45;Þub.63;3.Nis;Þub.63;40;Þub.73;Þub.63;Mar.46;Mar.26;Þub.68;Þub.59;36;2.Nis;Oca.96;1.Eyl;Oca.82;19;0;Oca.98;Oca.92;Oca.96;Oca.89;Þub.68;Mar.47;Þub.68
B1;4.08.2018;KAA Gent;SV Zulte-Waregem;1;1;D;0;0;D;12;5;3;3;15;19;9;4;3;3;0;0;1.Aðu;3.Aðu;4;Oca.78;3.Aðu;4.Nis;Oca.75;3.Tem;Nis.25;Oca.78;Mar.82;Nis.65;Oca.75;Mar.75;3.Aðu;1.Aðu;3.Aðu;4.Oca;40;Oca.81;Oca.76;Mar.85;Mar.69;Nis.65;Nis.27;33;Oca.72;Oca.67;2.Þub;Þub.13;19;-0.75;2.Aðu;2;Oca.86;Oca.82;Oca.83;Mar.88;Nis.33
B1;5.08.2018;RSC Anderlecht;KV Oostende;5;2;H;0;0;D;11;6;5;2;18;21;6;1;2;2;0;0;Oca.44;Nis.33;7;Oca.48;Nis.75;Haz.25;Oca.47;Nis.35;6;Oca.47;Nis.56;Tem.24;Oca.44;4.Nis;5.May;Oca.45;4.May;7;38;Oca.53;Oca.46;Nis.75;Nis.41;Tem.24;6.Mar;32;Oca.58;Oca.55;2.May;Þub.37;18;-1.75;2.Kas;2.Þub;Oca.85;1.Aðu;Oca.48;Nis.64;7.Kas
B1;5.08.2018;KRC Genk;Sint-Truidense VV;1;1;D;0;0;D;19;9;9;2;12;16;9;2;0;5;0;0;Oca.53;4.Þub;May.75;1.May;4.Nis;Haz.25;1.May;Nis.15;5.Tem;Oca.52;Nis.31;Haz.64;1.May;Nis.33;5;1.May;Nis.33;Haz.25;38;Oca.56;Oca.51;Nis.41;Nis.17;Haz.64;May.85;31;Oca.67;Oca.62;Þub.28;Þub.22;19;-1;1.Eyl;Oca.84;2.Haz;Oca.97;Oca.38;5.Þub;Eyl.23
B1;5.08.2018;Royal Excel Mouscron;Club Brugge KV;0;1;A;0;0;D;14;9;3;4;16;7;6;5;1;1;0;1;7;Nis.33;Oca.44;7;4.Haz;Oca.45;5.Eyl;Nis.55;Oca.45;Haz.56;4.Eyl;Oca.46;5;4.Aðu;Oca.44;Haz.25;Nis.75;Oca.45;38;7;Haz.15;4.Eyl;Nis.54;1.May;Oca.45;32;Oca.55;Oca.49;Þub.75;Þub.53;18;Oca.25;Oca.89;Oca.83;2.Tem;Oca.99;Haz.84;Nis.98;Oca.46
B1;10.08.2018;Club Brugge KV;KV Kortrijk;3;0;H;2;0;H;12;3;6;2;18;24;8;5;1;1;0;0;Oca.25;6.May;9;Oca.26;6;11.May;Oca.26;5.Tem;9.Oca;Oca.26;Haz.46;Kas.58;Oca.25;6;9;Oca.25;6;10.May;38;Oca.32;Oca.26;Haz.62;May.94;12;9.Eyl;31;Oca.46;Oca.41;2.Eyl;2.Aðu;20;-1.75;2.Oca;Oca.95;Oca.92;Oca.87;Oca.26;Haz.47;Kas.97
B1;11.08.2018;Royal Excel Mouscron;Royal Antwerp FC;0;1;A;0;0;D;1;19;0;6;9;17;1;5;1;2;0;0;Mar.25;3.Haz;2.Oca;3.Oca;3.May;Þub.25;3.Þub;Mar.35;Þub.15;3.Nis;3.May;Þub.17;3.Þub;3.Nis;2.Oca;3.Mar;3.Haz;2.Oca;37;3.Nis;Mar.22;3.Haz;Mar.41;Þub.25;Þub.14;33;1.Eyl;Oca.82;2.Nis;Oca.96;18;0.25;2.Nis;Oca.97;1.Eyl;Oca.85;Mar.87;Mar.68;Oca.99
B1;11.08.2018;Sint-Truidense VV;Sporting Lokeren;1;1;D;0;0;D;20;4;6;2;12;22;7;2;0;6;0;0;Oca.66;3.Aðu;5;Oca.78;Mar.75;4.May;Oca.67;3.Aðu;Nis.45;Oca.73;4.Mar;Nis.68;Oca.67;4;Nis.33;1.Tem;3.Eyl;Nis.75;37;Oca.78;Oca.71;4.Þub;Mar.81;5;4.May;34;Oca.79;Oca.73;Þub.16;2.Tem;19;-0.75;Oca.96;Oca.91;Oca.98;Oca.91;Oca.75;4.Haz;Nis.62
B1;11.08.2018;Standard de Liège;KSV Cercle Brugge;0;0;D;0;0;D;8;7;1;2;18;19;7;0;2;3;0;0;Oca.44;Nis.33;7;Oca.45;4.Nis;Tem.25;Oca.45;Nis.25;6.Nis;Oca.46;4.Nis;Tem.73;Oca.44;Nis.33;6.May;Oca.45;4.May;7;38;1.May;Oca.44;May.15;4.Nis;9;Haz.78;31;1.Tem;Oca.65;Þub.23;Þub.18;20;-1.25;2.Kas;2.Mar;Oca.86;1.Aðu;Oca.61;Nis.56;May.31
B1;11.08.2018;SV Zulte-Waregem;KAS Eupen;4;0;H;2;0;H;16;6;11;4;11;18;5;3;0;3;0;0;1.Nis;5;6.May;Oca.48;4.May;Haz.75;Oca.42;Nis.65;6.Þub;Oca.44;Nis.98;Haz.88;1.Nis;5;6;1.Nis;4.Aðu;7.May;38;Oca.48;Oca.42;5.Oca;Nis.68;7.May;Haz.46;32;Oca.57;Oca.53;Þub.55;Þub.43;21;-1;Oca.73;Oca.68;Þub.28;Þub.19;Oca.47;May.15;Haz.37
B1;12.08.2018;Sporting de Charleroi;RSC Anderlecht;1;2;A;1;1;D;13;8;7;5;21;20;3;3;2;5;0;0;3.May;3.Haz;2;3.May;3.Aðu;2;Mar.45;3.May;Oca.97;Mar.71;Mar.59;2.Mar;3.Nis;3.May;2;3.May;3.Haz;2;36;Mar.71;Mar.46;3.Aðu;Mar.51;2.Oca;2;31;Oca.87;1.Aðu;2.May;Oca.98;18;0.5;Oca.85;Oca.81;2.Tem;2.Oca;3.Mar;Mar.43;Þub.28
B1;12.08.2018;KAA Gent;Waasland-Beveren;4;1;H;1;0;H;19;17;10;7;15;5;11;3;1;2;0;0;Oca.36;Nis.75;8.May;Oca.36;5;8.May;Oca.35;4.Aðu;7.Eyl;Oca.34;May.23;9.Tem;Oca.33;5;7.May;Oca.33;5;9;34;Oca.39;Oca.34;5.Nis;Nis.91;Eyl.75;Aðu.26;29;Oca.67;Oca.63;Þub.28;Þub.22;18;-1.5;2.Eyl;2;Oca.86;Oca.82;Oca.32;May.47;10.Haz
B1;12.08.2018;KV Oostende;KRC Genk;0;2;A;0;0;D;9;15;6;9;18;15;4;7;3;3;0;0;4;Mar.75;Oca.83;4.Oca;Mar.75;Oca.85;Mar.75;Mar.75;Oca.83;Mar.89;4.Þub;Oca.87;3.Haz;3.Eyl;Oca.83;3.Eyl;3.Eyl;Oca.83;37;4.Oca;Mar.82;4.Þub;Mar.75;Oca.95;Oca.85;31;Oca.65;Oca.61;Þub.32;Þub.24;17;0.5;2.Nis;Oca.98;Oca.89;Oca.84;3.Aðu;Mar.93;Oca.94
B1;17.08.2018;RSC Anderlecht;Royal Excel Mouscron;2;0;H;1;0;H;16;7;8;3;14;22;11;5;1;4;1;0;Oca.22;6.May;11;1.Þub;6.May;15;Oca.25;6;9;Oca.21;7.Eyl;15.Nis;Oca.17;7;12;1.Þub;7;12;39;Oca.25;Oca.21;Tem.65;Haz.65;17.15;Ara.33;34;Oca.42;Oca.39;3.Nis;Þub.91;21;-2;2.Ara;2.Nis;Oca.85;Oca.78;Oca.18;8.Haz;16.78
B1;18.08.2018;KSV Cercle Brugge;SV Zulte-Waregem;3;1;H;1;0;H;8;14;4;6;18;18;2;13;4;0;0;0;3.Nis;3.May;2.Nis;3.Oca;3.Tem;2.Þub;Mar.25;3.Haz;2.May;Mar.38;Mar.77;2.Eyl;3.Oca;3.Tem;2.May;3.Mar;3.Haz;2.Oca;41;3.Nis;Mar.22;Mar.85;Mar.64;2.Þub;2.Aðu;34;1.Tem;Oca.65;Þub.28;Þub.19;20;0.25;2.Tem;2.Þub;Oca.85;Oca.81;Mar.26;Mar.93;2.Ara
B1;18.08.2018;KV Kortrijk;KV Oostende;1;2;A;0;1;A;14;6;6;4;20;10;8;4;3;3;1;0;Þub.37;3.Nis;Þub.87;2.Nis;3.May;Þub.85;Þub.35;3.May;2.Tem;Þub.42;Mar.69;Þub.81;Þub.38;3.Haz;Þub.62;2.May;3.May;2.Tem;41;Þub.54;Þub.41;3.Tem;Mar.49;Þub.87;Þub.73;35;Oca.73;Oca.66;Þub.29;Þub.17;20;0;Oca.88;Oca.81;2.Eyl;2.Þub;Þub.47;Mar.45;Þub.96
B1;18.08.2018;Sporting Lokeren;Standard de Liège;0;3;A;0;0;D;5;20;2;14;20;9;4;5;4;2;0;0;Nis.33;3.May;Oca.83;4;3.Haz;Oca.91;3.Aðu;Mar.45;1.Eyl;Nis.17;Mar.64;1.Eyl;3.Aðu;3.Haz;Oca.85;4.Oca;3.May;1.Eyl;40;Nis.35;4;Mar.66;Mar.48;Oca.97;Oca.88;36;Oca.98;Oca.92;Oca.95;Oca.87;19;0.75;Oca.73;1.Tem;Þub.23;Þub.15;Nis.93;Nis.44;Oca.65
B1;18.08.2018;Waasland-Beveren;Sint-Truidense VV;2;2;D;1;1;D;13;11;7;8;18;24;2;2;3;3;0;0;3;3.May;Þub.25;3;3.May;2.Mar;2.Eyl;Mar.45;Þub.25;3.Þub;Mar.63;Þub.31;Þub.88;3.Haz;2.Þub;3;3.May;2.Mar;40;3.Nis;Þub.94;Mar.63;Mar.45;2.Nis;Þub.28;36;Oca.81;Oca.73;Þub.17;2.Tem;19;0.25;1.Eyl;Oca.84;2.May;Oca.99;Mar.31;Mar.68;Þub.18
B1;19.08.2018;Royal Antwerp FC;Club Brugge KV;1;1;D;0;0;D;5;9;1;4;27;16;3;3;3;0;0;0;3.Haz;3.Nis;2.Nis;3.Aðu;3.Nis;2.May;3.Nis;Mar.35;2.May;Mar.69;Mar.32;Þub.14;Mar.25;3.Nis;2.Oca;3.Nis;3.May;2.Oca;38;3.Aðu;Mar.45;Mar.55;Mar.37;Þub.16;2.Aðu;33;Oca.85;Oca.77;2.Kas;2;18;0.25;2.Eyl;2.Þub;Oca.85;1.Aðu;Þub.83;Mar.44;Þub.57
B1;19.08.2018;KAS Eupen;KAA Gent;2;3;A;1;2;A;11;8;4;4;23;15;6;8;2;5;0;1;Nis.75;4;Oca.64;May.25;3.Eyl;Oca.67;4.Tem;4.May;1.Haz;4.Eyl;Nis.29;Oca.66;4.May;4.Þub;Oca.62;4.Aðu;4.Oca;Oca.65;39;May.25;Nis.74;Nis.29;4.Mar;Oca.71;Oca.64;33;Oca.65;Oca.61;238;Þub.26;19;0.75;2.Haz;2.Oca;Oca.88;Oca.81;4.May;3.Eyl;Oca.81
B1;19.08.2018;KRC Genk;Sporting de Charleroi;3;1;H;1;1;D;18;12;6;7;12;19;10;2;0;4;0;0;1.Nis;Nis.75;7;Oca.44;Nis.75;7;1.Nis;Nis.65;6.Haz;Oca.44;Nis.91;7.Eyl;1.Nis;Nis.75;6.May;1.Nis;Nis.75;7.May;39;Oca.45;Oca.41;5.Þub;Nis.71;7.May;Haz.73;33;Oca.68;Oca.63;Þub.26;Þub.21;19;-1.25;Oca.99;Oca.93;Oca.96;Oca.89;Oca.52;Nis.38;Haz.83
B1;24.08.2018;KV Oostende;SV Zulte-Waregem;3;1;H;1;1;D;7;10;5;3;18;21;0;4;3;4;0;0;3.Oca;3.May;2.Þub;Mar.25;3.Haz;Þub.15;3.Oca;3.Haz;2.Oca;Mar.14;Mar.79;Þub.22;3;3.Tem;2.Oca;Mar.13;3.Haz;Þub.15;41;Mar.25;3.Kas;3.Aðu;Mar.57;Þub.25;Þub.15;30;Oca.62;Oca.57;Þub.43;Þub.33;20;0.25;2.Þub;Oca.94;Oca.95;Oca.88;3.Mar;Mar.86;2.Ara
B1;25.08.2018;Royal Antwerp FC;KSV Cercle Brugge;1;0;H;0;0;D;8;10;6;5;14;13;3;3;3;4;1;0;Oca.61;Mar.75;5.May;Oca.62;4;5.May;1.Haz;Mar.75;5.Þub;Oca.67;Mar.78;May.63;Oca.65;3.Tem;5;Oca.62;Mar.75;May.75;39;Oca.69;Oca.63;Nis.15;Mar.78;May.75;May.25;35;Oca.93;Oca.84;2.Þub;Oca.94;19;-1;2.Þub;2.Oca;1.Aðu;Oca.73;1.Aðu;Mar.47;May.32
B1;25.08.2018;Sporting de Charleroi;KV Kortrijk;0;2;A;0;1;A;7;8;1;4;12;19;8;1;0;5;0;0;Oca.57;Mar.75;6;Oca.62;3.Eyl;May.75;Oca.57;Mar.85;5.Mar;1.Haz;Nis.14;May.67;Oca.57;4.Þub;4.Aðu;Oca.62;3.Eyl;5.Nis;40;Oca.73;Oca.61;4.Þub;Mar.86;6;May.28;36;1.Eyl;Oca.83;2.Mar;Oca.95;20;-1;2.Þub;2.Oca;1.Aðu;Oca.73;Oca.95;Mar.33;Nis.53
B1;25.08.2018;Royal Excel Mouscron;KAS Eupen;0;1;A;0;1;A;12;7;5;4;16;22;10;5;1;4;0;0;2.Mar;3.Nis;3;2.Nis;3.Haz;2.Aðu;Þub.35;Mar.45;2.Tem;Þub.48;Mar.59;Þub.78;Þub.38;3.Haz;Þub.62;Þub.38;3.May;2.Aðu;40;2.May;Þub.38;3.Haz;Mar.47;3;Þub.78;35;Oca.72;Oca.68;Þub.25;Þub.15;20;-0.25;Þub.14;2.Tem;Oca.82;Oca.76;Þub.68;Mar.55;Þub.63
B1;25.08.2018;Standard de Liège;Sint-Truidense VV;3;2;H;1;1;D;20;9;9;7;19;14;9;1;3;3;0;0;Oca.53;4;6;Oca.55;4.Nis;May.75;Oca.53;Nis.15;5.Nis;Oca.56;Nis.26;6.Nis;1.May;Nis.33;5.May;Oca.53;4.Oca;6;40;1.Haz;Oca.53;4.Nis;Nis.14;Haz.13;May.66;33;Oca.74;Oca.68;Þub.23;Þub.14;22;-1;Oca.96;1.Eyl;Oca.98;1.Eyl;Oca.51;Nis.45;Haz.75
B1;26.08.2018;Club Brugge KV;RSC Anderlecht;2;1;H;2;1;H;11;10;9;1;24;16;7;2;2;2;0;0;1.Aðu;Mar.75;4.Þub;1.Eyl;Mar.75;3.Eyl;Oca.85;3.Tem;3.Tem;Oca.93;Mar.92;Mar.77;Oca.83;3.Eyl;3.Haz;Oca.85;3.Aðu;3.Eyl;39;Oca.94;Oca.86;Mar.95;Mar.74;4.Þub;Mar.78;32;Oca.67;Oca.63;Þub.32;Þub.22;18;-0.75;Þub.21;Þub.13;Oca.77;Oca.71;Oca.78;Mar.81;Nis.87
B1;26.08.2018;KRC Genk;Waasland-Beveren;3;2;H;1;0;H;13;13;6;7;21;14;10;5;2;4;0;0;1.Þub;6;15;Oca.28;May.75;10.May;Oca.23;5.Aðu;10;Oca.26;Haz.62;Eki.25;1.Þub;7;9.May;Oca.22;6.May;11.May;37;1.Mar;Oca.24;7;6.May;15;Eki.54;30;1.May;Oca.44;2.Aðu;Þub.68;18;-1.75;Oca.96;Oca.89;2.Oca;Oca.93;Oca.23;Tem.56;Kas.47
B1;26.08.2018;KAA Gent;Sporting Lokeren;2;1;H;0;0;D;16;7;6;5;8;21;19;4;1;0;0;0;Oca.28;May.25;10;1.Mar;5.May;10.May;1.Mar;5.Oca;8.May;Oca.28;May.75;12.May;Oca.29;5.May;8.May;1.Mar;5.Nis;9.May;39;Oca.35;Oca.29;Haz.15;May.39;13;Eyl.81;32;1.Haz;Oca.56;Þub.43;Þub.37;20;-1.5;Oca.97;Oca.89;2.Aðu;Oca.93;1.Nis;Nis.81;9.Þub
B1;31.08.2018;SV Zulte-Waregem;Club Brugge KV;2;5;A;0;3;A;19;23;7;13;27;23;2;6;5;1;0;0;3.Oca;3.May;2.Þub;Þub.95;Mar.75;Þub.25;2.Eyl;Mar.65;Þub.15;3.May;Mar.91;Þub.23;3;3.Aðu;2.Oca;3;3.Aðu;Þub.15;39;3.Oca;Þub.95;Mar.95;Mar.72;Þub.27;2.Þub;31;Oca.57;Oca.52;Þub.56;Þub.45;19;0.25;Oca.98;Oca.91;Oca.98;Oca.91;Mar.69;Mar.72;2.Mar
B1;1.09.2018;Sporting de Charleroi;Royal Excel Mouscron;3;1;H;2;0;H;12;5;9;1;17;14;4;5;2;6;0;0;Oca.57;4.Þub;May.25;Oca.57;4.Oca;May.75;Oca.57;3.Eyl;5.Þub;Oca.61;4;5.Eyl;Oca.62;4;5;Oca.57;4;May.75;39;Oca.64;Oca.58;4.Þub;Mar.96;6;5.May;33;Oca.84;Oca.77;2.Kas;2.Oca;21;-1;2.Kas;2.Mar;Oca.86;1.Aðu;1.May;4.May;Haz.97
B1;1.09.2018;KAS Eupen;Standard de Liège;2;1;H;0;1;A;10;5;5;3;11;2;2;5;1;2;0;0;May.25;4.Þub;Oca.57;May.25;Nis.25;1.Haz;5;4.Oca;Oca.57;May.37;Nis.46;Oca.59;4.Aðu;4.Nis;Oca.57;5.Þub;4.Oca;1.Haz;39;May.56;5.Aðu;Nis.46;Nis.16;Oca.67;Oca.59;31;Oca.65;Oca.62;Þub.33;Þub.22;22;1;Oca.88;1.Aðu;2.Oca;2.Þub;May.54;Nis.51;Oca.58
B1;1.09.2018;Sporting Lokeren;Waasland-Beveren;1;0;H;0;0;D;7;10;5;5;12;21;5;5;1;4;0;0;Þub.14;3.Nis;3.Mar;Þub.15;3.Haz;Mar.25;Þub.15;Mar.45;3.Oca;Þub.22;Mar.53;Mar.27;Þub.15;3.May;3.Oca;2.Þub;3.Nis;3.Þub;38;Þub.27;Þub.17;3.Haz;Mar.44;3.May;Mar.15;31;Oca.75;Oca.68;Þub.23;Þub.14;17;-0.25;Oca.95;Oca.89;2;Oca.94;Þub.27;Mar.45;3.Mar
B1;1.09.2018;Sint-Truidense VV;KV Oostende;1;0;H;0;0;D;13;6;5;3;18;14;6;3;2;2;0;0;Oca.95;3.May;3.Aðu;Oca.95;3.Haz;3.Aðu;1.Eyl;3.Haz;Mar.65;Oca.95;3.Aðu;Mar.78;Oca.95;3.Aðu;3.Nis;Oca.95;3.Haz;Mar.75;38;Oca.98;Oca.93;3.Aðu;Mar.63;Mar.81;Mar.65;31;Oca.76;Oca.68;Þub.17;Þub.13;17;-0.5;2;Oca.93;Oca.97;1.Eyl;Oca.85;4.Mar;4.Eyl
B1;2.09.2018;RSC Anderlecht;Royal Antwerp FC;1;1;D;1;0;H;9;9;4;2;18;19;4;5;1;3;0;0;Oca.66;4;Nis.75;1.Tem;3.Aðu;5;1.Tem;3.Tem;Nis.55;Oca.72;Mar.84;5.Tem;1.Tem;3.Aðu;4.Haz;1.Tem;Mar.75;5;36;Oca.75;Oca.69;4;Mar.74;5.Tem;Nis.73;30;Oca.84;Oca.76;2.Aðu;2.Þub;16;-1;Þub.33;Þub.21;Oca.71;Oca.66;Oca.98;Mar.45;Nis.22
B1;2.09.2018;KSV Cercle Brugge;KAA Gent;0;3;A;0;1;A;1;8;0;7;17;17;7;5;4;3;0;0;3.Mar;3.May;2.Oca;3.Mar;3.Haz;Þub.15;3.Oca;Mar.45;2.Oca;Mar.25;Mar.69;Þub.17;3.Oca;3.Tem;2.Oca;3.Þub;3.May;Þub.15;37;3.Mar;Mar.15;3.Tem;Mar.51;Þub.22;Þub.14;31;Oca.76;Oca.67;Þub.24;Þub.16;17;0.25;2;Oca.94;Oca.94;Oca.88;Mar.38;Mar.66;Þub.15
B1;2.09.2018;KV Kortrijk;KRC Genk;3;3;D;0;0;D;8;17;6;11;13;3;5;6;3;2;0;1;4.Þub;4;Oca.75;4.Nis;4.Oca;Oca.72;4.Oca;Mar.95;Oca.73;Nis.31;4.Þub;Oca.79;4.Þub;4;Oca.73;Nis.33;4;Oca.73;37;4.Nis;Nis.19;Nis.15;Mar.93;Oca.79;Oca.74;29;Oca.62;Oca.57;2.Nis;Þub.31;17;0.75;Oca.96;Oca.89;Oca.99;Oca.93;May.36;Nis.81;Oca.56
B1;14.09.2018;Club Brugge KV;Sporting Lokeren;2;1;H;0;1;A;13;4;7;2;23;19;9;5;2;5;0;0;Oca.16;7.May;13;Oca.19;Tem.25;13.May;1.Þub;6.Haz;11.May;1.Þub;7.Þub;13.42;1.Þub;6.May;12;Oca.18;7.May;13;39;Oca.21;Oca.19;Tem.75;7.Kas;16.67;Ara.94;31;Oca.39;Oca.34;3.Nis;Mar.17;24;-2;Oca.97;Oca.91;Oca.96;Oca.91;Oca.18;Tem.94;14.78
B1;15.09.2018;KRC Genk;RSC Anderlecht;1;0;H;0;0;D;12;13;5;5;18;18;9;5;3;1;0;0;Oca.85;4;3.Haz;Oca.87;Mar.75;4;Oca.83;Mar.85;Mar.65;Oca.88;4.Oca;Mar.89;Oca.85;4;3.Haz;Oca.83;3.Eyl;3.Eyl;39;Oca.92;Oca.86;4.Þub;Mar.84;4;Mar.76;32;1.Haz;Oca.56;Þub.45;Þub.37;21;-0.75;Þub.17;2.Eyl;Oca.79;Oca.74;Oca.86;4.Tem;Mar.95
B1;15.09.2018;KV Oostende;KSV Cercle Brugge;1;1;D;0;0;D;12;11;6;7;11;20;6;7;3;2;0;0;2.Oca;3.Nis;3.Nis;Þub.15;3.Nis;3.Nis;2.Oca;Mar.45;3.Þub;Þub.17;Mar.62;3.Mar;Þub.15;3.May;3.Oca;Þub.15;3.May;3.Þub;39;Þub.23;Þub.14;3.Tem;Mar.46;3.Nis;Mar.23;35;1.Aðu;Oca.75;Þub.15;2.May;22;-0.25;Oca.94;Oca.88;Oca.99;Oca.94;2.Ara;Mar.59;Mar.49
B1;15.09.2018;Standard de Liège;Sporting de Charleroi;0;0;D;0;0;D;8;10;6;4;15;18;5;9;3;4;1;0;Oca.55;3.Aðu;6.May;1.Haz;4.Oca;5.May;Oca.55;Mar.95;5.May;Oca.57;Nis.14;6.Oca;Oca.57;4;5.May;Oca.57;4;May.75;39;1.Haz;Oca.56;Nis.18;Mar.96;6.May;5.Tem;35;Oca.84;Oca.78;2.Eyl;2.Oca;25;-1;2.Haz;Oca.99;Oca.88;Oca.83;1.Haz;Mar.98;Haz.19
B1;15.09.2018;Waasland-Beveren;KAS Eupen;0;0;D;0;0;D;15;7;6;3;18;23;2;7;4;2;0;0;2.Þub;3.May;3.Oca;Þub.25;3.May;3.Oca;Þub.25;Mar.55;Þub.85;Þub.35;Mar.69;Þub.92;Þub.25;3.Haz;Þub.88;Þub.25;3.Haz;3;38;Þub.36;Þub.27;3.Aðu;Mar.54;3.Oca;Þub.92;31;Oca.63;1.Haz;2.Nis;Þub.27;22;-0.25;2.May;Oca.98;Oca.92;Oca.86;Þub.65;Mar.64;2.Haz
B1;16.09.2018;Royal Antwerp FC;SV Zulte-Waregem;5;1;H;3;0;H;15;5;6;2;17;10;4;1;2;0;0;1;1.Eyl;3.May;4;Oca.87;3.Haz;4.Þub;1.Aðu;3.Haz;Mar.95;Oca.88;Mar.84;4.Nis;Oca.83;Mar.75;3.Eyl;Oca.85;3.Tem;4;36;Oca.92;Oca.87;Mar.84;Mar.64;4.Þub;Mar.92;33;Oca.85;Oca.78;2.Aðu;2;19;-0.75;2.Þub;2.Ara;Oca.77;Oca.72;Oca.95;Mar.54;Nis.14
B1;16.09.2018;KAA Gent;Sint-Truidense VV;1;2;A;0;1;A;15;10;5;6;12;22;12;1;1;4;0;1;1.May;Nis.33;6;1.May;4.Nis;6.May;1.May;Nis.15;5.Aðu;Oca.51;4.Nis;Haz.69;1.May;4.May;5.May;1.May;4.Nis;6;37;Oca.54;1.May;4.Haz;Nis.25;Haz.69;May.93;31;Oca.72;Oca.67;2.Mar;Þub.15;23;-1;Oca.93;Oca.85;2.Þub;Oca.96;Oca.42;5.May;7.May
B1;16.09.2018;Royal Excel Mouscron;KV Kortrijk;1;0;H;1;0;H;14;8;5;3;16;15;6;10;1;0;0;0;3.Oca;3.Nis;Þub.25;3;3.May;2.Mar;Þub.95;3.Mar;Þub.25;3.Eyl;Mar.32;Þub.39;3;3.Nis;Þub.25;3;3.May;Þub.25;38;3.Oca;Þub.99;3.Haz;Mar.34;Þub.43;Þub.29;34;Oca.87;Oca.78;2.Kas;2.Oca;19;0.25;Oca.92;Oca.84;Oca.97;2;Mar.29;Mar.57;Þub.21
B1;21.09.2018;SV Zulte-Waregem;KV Kortrijk;0;2;A;0;0;D;9;9;5;4;15;17;3;2;1;2;0;0;Oca.64;4.Þub;Nis.75;Oca.72;4.Oca;4.Nis;Oca.67;4.Oca;4.Mar;Oca.71;Nis.29;Nis.57;1.Tem;4.Þub;4.Þub;1.Tem;4.Oca;4.Nis;39;Oca.74;Oca.69;4.Mar;4.Kas;Nis.75;Nis.42;31;Oca.55;1.May;Þub.63;2.May;20;-1;Þub.29;Þub.19;Oca.74;Oca.68;Oca.68;Nis.48;Nis.59
B1;22.09.2018;KAS Eupen;KV Oostende;1;2;A;0;1;A;6;6;3;3;17;16;6;2;4;2;0;0;Þub.25;3.May;3;2.Mar;3.Haz;Þub.95;Þub.15;3.May;3;2.Þub;Mar.72;3.Kas;Þub.25;3.Haz;Þub.88;Þub.25;3.May;3;39;Þub.32;Þub.24;Mar.72;Mar.51;3.Kas;Þub.98;33;1.Tem;Oca.66;Þub.28;Þub.16;19;-0.25;2.Oca;Oca.96;Oca.94;Oca.87;Þub.19;Mar.53;Mar.36
B1;22.09.2018;Sporting Lokeren;Royal Excel Mouscron;0;0;D;0;0;D;7;13;1;6;16;16;3;11;2;2;0;0;2.Nis;3.Haz;3.Nis;2.May;3.May;3.Haz;2.May;3.Nis;Mar.35;2.Oca;Mar.36;Mar.69;2.Oca;3.Nis;3.Nis;2.Oca;3.Haz;Mar.25;39;Þub.18;2.Aðu;3.Haz;Mar.39;Mar.85;Mar.44;34;Oca.81;Oca.73;2.Kas;2.May;17;-0.25;Oca.87;Oca.81;2.Tem;2;Oca.98;3.Tem;Mar.88
B1;22.09.2018;Sint-Truidense VV;Royal Antwerp FC;2;0;H;0;0;D;12;9;5;3;12;15;3;9;2;2;0;0;2.Aðu;3.Nis;2.Nis;2.Eyl;3.Nis;Þub.45;Þub.95;3.Þub;Þub.35;Mar.13;Mar.27;Þub.39;Þub.88;Mar.25;2.Nis;Þub.88;3.Nis;2.Nis;38;Mar.13;Þub.93;3.Nis;Mar.25;Þub.45;Þub.38;34;2.Þub;Oca.94;Oca.92;Oca.84;18;0.25;Oca.83;Oca.78;Þub.13;2.Haz;3.Aðu;Mar.32;Þub.43
B1;22.09.2018;Waasland-Beveren;Sporting de Charleroi;1;1;D;0;1;A;13;9;4;5;25;11;3;5;4;1;0;2;3.Þub;3.Haz;2.Oca;3.Haz;3.May;2.May;Mar.35;3.Nis;2.May;Mar.52;Mar.53;2.Oca;3.Nis;3.May;2.May;3.May;3.May;2.May;38;Mar.65;Mar.41;3.Haz;Mar.44;Þub.15;2.Aðu;35;Oca.98;Oca.86;Oca.98;Oca.91;19;0.5;1.Aðu;Oca.75;Þub.17;2.Eyl;Mar.43;3.Nis;Þub.22
B1;23.09.2018;RSC Anderlecht;Standard de Liège;2;1;H;0;1;A;13;7;7;3;14;19;10;4;2;2;0;0;2.Oca;3.May;3.Mar;2.May;3.Haz;3.May;2.Oca;Mar.45;Mar.15;2.Þub;3.May;Mar.29;Þub.15;3.May;3.Oca;Þub.15;3.May;Mar.25;37;Þub.22;Þub.13;3.Haz;Mar.46;3.May;Mar.23;32;Oca.77;Oca.72;Þub.17;2.Haz;18;-0.25;Oca.92;Oca.87;2.Þub;Oca.95;Þub.17;Mar.38;Mar.59
B1;23.09.2018;KSV Cercle Brugge;KRC Genk;2;5;A;1;2;A;7;15;3;7;7;5;1;4;2;2;0;0;5;3.Aðu;Oca.66;Nis.75;3.Eyl;Oca.72;Nis.45;3.Tem;1.Tem;Nis.98;Mar.71;Oca.75;4.Nis;3.Tem;Oca.75;Nis.75;3.Aðu;Oca.73;37;5;Nis.61;3.Eyl;3.Tem;Oca.77;Oca.72;31;Oca.72;Oca.68;Þub.16;2.Kas;18;0.75;Oca.97;1.Eyl;Oca.97;Oca.92;May.53;Nis.44;Oca.58
B1;23.09.2018;KAA Gent;Club Brugge KV;0;4;A;0;1;A;19;11;7;8;18;18;9;3;1;3;0;0;2.Aðu;3.Nis;2.Nis;2.Tem;3.Nis;2.Haz;2.Tem;Mar.35;Þub.45;Þub.81;Mar.43;Þub.53;2.Tem;3.Nis;Þub.45;Þub.75;3.May;Þub.45;38;Þub.83;Þub.71;Mar.55;Mar.37;2.Haz;Þub.48;32;Oca.84;Oca.76;2.Kas;2.Oca;18;0;2.Tem;2;Oca.87;Oca.83;Þub.55;3.May;Þub.79
B1;28.09.2018;KV Kortrijk;KAS Eupen;1;3;A;1;2;A;14;6;6;3;9;11;8;1;2;2;0;0;1.Eyl;3.Haz;Mar.75;Oca.95;3.Tem;3.Tem;Oca.85;Mar.55;3.Tem;Oca.93;3.Aðu;Mar.97;Oca.88;3.Tem;3.Tem;Oca.87;Mar.75;3.Eyl;39;Oca.95;1.Eyl;3.Eyl;3.Tem;4.May;Mar.78;37;Oca.77;Oca.72;Þub.19;2.Eyl;20;-0.75;Þub.23;Þub.15;Oca.75;Oca.71;1.Eyl;Mar.88;4.Þub
B1;29.09.2018;Sporting de Charleroi;Sporting Lokeren;2;1;H;0;0;D;9;3;3;1;11;11;3;2;0;3;0;0;Oca.55;Nis.33;May.25;1.Haz;4.Þub;May.25;1.May;3.Eyl;May.25;Oca.57;Nis.23;May.89;1.Haz;4;May.25;Oca.57;4.Oca;5.May;39;Oca.64;Oca.57;4.Nis;4.Tem;6;May.51;35;Oca.85;Oca.79;2.Tem;Oca.99;21;-1;2.Aðu;2.Oca;1.Eyl;Oca.81;Oca.58;Nis.19;6.Ara
B1;29.09.2018;Club Brugge KV;KSV Cercle Brugge;4;0;H;2;0;H;14;3;5;0;18;15;8;7;2;6;0;0;1.Mar;May.75;8.May;Oca.35;5.May;Tem.75;1.Mar;5;7.May;Oca.32;May.54;Aðu.89;Oca.32;5.May;8;1.Mar;5.May;9;39;Oca.37;Oca.32;May.75;May.36;Eyl.17;Aðu.21;33;Oca.52;Oca.48;2.Tem;Þub.54;20;-1.5;Oca.97;Oca.91;Oca.97;Oca.91;Oca.34;5.Nis;8.Eyl
B1;29.09.2018;KRC Genk;SV Zulte-Waregem;4;0;H;2;0;H;29;3;17;1;11;9;12;2;0;4;0;0;Oca.36;Nis.75;8;1.Nis;May.25;7;Oca.35;4.Aðu;6.May;Oca.38;May.28;Tem.33;Oca.38;May.25;6.May;Oca.36;5.Þub;7.May;39;Oca.42;Oca.37;5.May;5.Haz;8;7;32;1.May;Oca.43;Þub.88;2.Tem;19;-1.25;Oca.86;1.Aðu;2.Oca;2.Mar;1.Mar;6.Þub;Aðu.76
B1;29.09.2018;Royal Excel Mouscron;Waasland-Beveren;0;3;A;0;2;A;10;9;4;5;16;15;6;2;2;3;0;0;2.Nis;3.May;3.Nis;2.Oca;3.Haz;3.Nis;2.May;3.Nis;Mar.35;2.Ara;Mar.51;Mar.47;2.May;3.May;3.Nis;2.May;3.May;3.May;38;2.Þub;2.Eyl;3.Haz;Mar.45;3.Haz;Mar.36;34;Oca.95;Oca.87;Oca.99;1.Eyl;18;-0.25;Oca.85;1.Aðu;2.Ara;2.Nis;2.Eyl;3.Haz;Mar.57
B1;30.09.2018;RSC Anderlecht;Sint-Truidense VV;0;0;D;0;0;D;21;2;7;0;17;11;11;0;1;0;0;1;Oca.44;4.May;6.May;Oca.45;4.May;7;1.May;Nis.15;5.May;1.May;Nis.35;Haz.75;Oca.47;4.May;6;1.May;4.May;6;38;Oca.55;Oca.48;4.Aðu;Nis.41;7.Mar;Haz.16;33;1.Haz;Oca.56;2.May;Þub.35;21;-1;Oca.85;Oca.79;2.Þub;2.Nis;Oca.58;Nis.17;6.Tem
B1;30.09.2018;Royal Antwerp FC;KAA Gent;2;2;D;1;2;A;9;8;7;7;16;13;8;4;4;2;0;0;2.May;3.Nis;2.Tem;Þub.35;3.Haz;2.Eyl;2.Nis;Mar.15;2.Tem;Þub.55;Mar.33;Þub.85;Þub.45;3.Mar;2.Aðu;2.Nis;3.Nis;Þub.88;36;2.Haz;Þub.44;3.Haz;Mar.34;Þub.95;Þub.82;33;2;Oca.92;Oca.94;Oca.86;18;0;Oca.85;Oca.78;Þub.13;2.Tem;Þub.53;Mar.42;Þub.86
B1;30.09.2018;KV Oostende;Standard de Liège;1;3;A;0;1;A;10;5;5;3;25;19;6;0;3;2;0;0;4.Þub;Mar.75;1.Aðu;4.Oca;3.Eyl;Oca.83;Mar.85;Mar.55;1.Aðu;4.Kas;Mar.83;Oca.85;3.Aðu;Mar.75;Oca.85;4;3.Tem;Oca.85;36;Nis.25;4;3.Eyl;3.Tem;1.Eyl;Oca.84;34;1.Aðu;Oca.74;Þub.15;2.May;18;0.75;1.Aðu;Oca.73;Þub.19;2.Kas;Mar.79;Mar.63;2.Oca
B1;5.10.2018;KSV Cercle Brugge;Sporting de Charleroi;2;1;H;1;1;D;3;6;2;4;11;13;3;5;3;2;0;0;2.Eyl;3.Þub;Þub.45;2.Aðu;3.Nis;2.May;2.Tem;Mar.25;2.Nis;Þub.86;Mar.48;Þub.54;Þub.75;3.Nis;Þub.45;Þub.75;3.Nis;2.May;37;Þub.93;2.Aðu;3.May;Mar.34;2.Haz;Þub.47;33;Oca.98;1.Eyl;Oca.95;Oca.87;18;0.25;Oca.77;Oca.72;2.Þub;Þub.13;3.Nis;Mar.42;Þub.44
B1;6.10.2018;KAS Eupen;Royal Antwerp FC;1;2;A;1;0;H;10;11;4;8;17;18;0;8;2;2;0;0;Mar.75;3.Nis;2;3.Haz;3.May;2.May;Mar.45;3.Mar;Oca.95;Mar.74;Mar.51;2.May;3.Nis;3.May;2.May;3.Haz;3.May;2;35;3.Aðu;Mar.56;3.Haz;Mar.43;2.Oca;2.Mar;31;2;Oca.92;Oca.93;Oca.86;16;0.25;Þub.16;2.Aðu;1.Aðu;Oca.76;Mar.92;Mar.68;Oca.97
B1;6.10.2018;Sporting Lokeren;KV Kortrijk;1;3;A;1;0;H;9;15;4;7;13;14;5;5;1;2;0;0;2.Tem;3.Nis;2.May;Þub.75;3.Nis;Þub.55;Þub.55;Mar.25;2.May;2.Tem;Mar.51;Þub.62;2.Haz;3.Nis;Þub.55;2.Haz;3.May;Þub.55;36;Þub.75;Þub.64;Mar.55;Mar.37;Þub.67;Þub.56;32;1.Eyl;Oca.81;2.Tem;Oca.97;17;0.25;Oca.72;Oca.67;Þub.28;Þub.21;Mar.13;Mar.82;Þub.22
B1;6.10.2018;Sint-Truidense VV;Royal Excel Mouscron;3;1;H;1;1;D;13;15;8;6;12;15;5;4;0;6;0;2;Oca.53;4.Þub;May.75;Oca.57;Nis.25;5.May;1.May;4.May;May.25;Oca.56;Nis.43;May.62;Oca.53;Nis.33;May.25;Oca.53;4.Mar;May.75;37;1.Haz;Oca.55;Nis.55;Nis.25;May.75;May.51;31;1.Tem;Oca.65;2.Mar;Þub.19;20;-1;Oca.98;Oca.93;Oca.95;Oca.89;Oca.68;Mar.96;May.25
B1;6.10.2018;Waasland-Beveren;KV Oostende;1;1;D;0;0;D;7;9;5;3;19;26;4;2;4;4;0;0;2.May;3.Nis;2.Tem;Þub.45;3.Nis;Þub.85;2.Mar;3.Nis;2.Tem;Þub.43;3.Haz;Þub.87;2.Nis;3.May;2.Tem;2.Nis;3.Haz;Þub.75;36;Þub.55;Þub.41;3.Tem;Mar.48;2.Eyl;Þub.77;33;Oca.78;Oca.73;Þub.17;2.Aðu;17;-0.25;Þub.16;2.Eyl;1.Aðu;Oca.75;Mar.32;3.Haz;Þub.21
B1;7.10.2018;KAA Gent;KRC Genk;1;5;A;1;3;A;10;13;5;8;11;16;4;13;4;0;1;0;2.Aðu;3.May;Þub.37;2.Aðu;3.Haz;2.Nis;Þub.75;3.Nis;Þub.25;Þub.97;Mar.53;2.Nis;Þub.75;3.Haz;Þub.35;Þub.75;3.Tem;Þub.38;35;3;Þub.84;3.Tem;3.May;Þub.43;Þub.35;30;Oca.65;Oca.61;Þub.35;Þub.25;17;0.25;Oca.85;Oca.79;2.Ara;2.Nis;Þub.95;Mar.49;Þub.46
B1;7.10.2018;Standard de Liège;Club Brugge KV;3;1;H;1;0;H;18;6;8;3;12;13;6;1;0;2;0;0;Þub.62;3.Mar;2.Haz;2.Tem;3.Nis;2.Haz;2.Haz;3.Mar;Þub.45;Þub.84;Mar.41;Þub.56;2.Tem;3.Nis;Þub.45;2.Tem;3.May;2.May;35;Þub.84;Þub.69;3.Haz;Mar.36;2.Haz;Þub.51;31;Oca.75;Oca.69;Þub.21;2.Ara;17;0.25;Oca.74;Oca.69;Þub.25;Þub.16;3;Mar.47;Þub.46
B1;7.10.2018;SV Zulte-Waregem;RSC Anderlecht;1;2;A;0;1;A;9;11;3;6;17;21;10;2;1;4;0;0;3.May;3.Haz;2;3.Mar;3.Tem;2.Oca;Mar.15;3.Haz;2;Mar.26;Mar.95;2.Eyl;3.Oca;3.Aðu;2.May;Mar.25;3.Aðu;2.May;35;3.May;Mar.24;4;Mar.73;2.Oca;2.May;30;Oca.56;Oca.53;Þub.55;Þub.42;17;0.25;2.Eyl;2.Þub;Oca.87;1.Aðu;Mar.27;Mar.89;Þub.14
B1;19.10.2018;Club Brugge KV;Waasland-Beveren;1;1;D;0;0;D;19;6;8;1;11;14;6;4;0;1;0;0;Oca.18;7.May;12;Oca.19;Tem.75;12.May;1.Þub;6.Aðu;11;1.Þub;Tem.47;Ara.79;Oca.18;7.May;11;Oca.18;7.May;13;37;Oca.23;Oca.19;Aðu.41;Tem.21;16.Þub;Ara.38;31;Oca.35;Oca.31;3.Haz;Mar.31;21;-2;Oca.98;Oca.88;2.Tem;Oca.95;Oca.17;Aðu.31;14.Oca
B1;20.10.2018;Royal Antwerp FC;Sporting Lokeren;2;1;H;1;0;H;17;5;9;2;18;21;9;2;3;4;0;1;Oca.36;4.May;9;1.Nis;Nis.75;Aðu.25;Oca.36;4.Haz;7.Haz;Oca.37;5.Oca;Aðu.29;Oca.38;5;7;Oca.36;Nis.75;8;37;Oca.41;Oca.37;5.Oca;Nis.72;9;8;36;1.Aðu;Oca.73;Þub.15;2.Tem;18;-1.25;Oca.96;Oca.88;2.Haz;Oca.95;Oca.35;May.14;Eyl.22
B1;20.10.2018;KRC Genk;KAS Eupen;2;1;H;1;0;H;26;9;10;4;9;15;13;5;1;4;0;0;Oca.16;7.May;13;Oca.18;Tem.25;15;1.Þub;6.Tem;11;1.Þub;Tem.13;Ara.74;Oca.17;7.May;12;Oca.18;7.May;13;38;Oca.23;Oca.19;8;7.Oca;15;Ara.34;32;Oca.35;Oca.31;Mar.65;Mar.36;21;-2;Oca.91;Oca.85;2.Tem;Oca.97;Oca.19;Tem.95;13.Þub
B1;20.10.2018;KV Kortrijk;Sint-Truidense VV;3;1;H;2;1;H;16;10;7;7;14;8;5;5;1;0;0;0;2.Nis;3.Haz;3.Mar;Þub.15;3.Tem;3.Þub;2.Oca;3.Haz;3.Oca;2.Ara;Mar.97;Mar.19;2.May;3.Aðu;3.Oca;2.Oca;3.Haz;Mar.25;38;2.Þub;2.Kas;Mar.97;Mar.67;Mar.35;Mar.16;37;1.Aðu;Oca.73;2.Þub;2.Aðu;20;-0.25;Oca.93;Oca.85;2.Haz;Oca.98;2.Oca;Mar.72;Mar.76
B1;20.10.2018;Royal Excel Mouscron;Standard de Liège;0;0;D;0;0;D;8;13;2;5;9;16;4;8;0;0;0;0;May.75;4.Þub;Oca.53;May.75;Nis.25;Oca.55;5.Þub;4;Oca.57;5.May;4.Þub;1.Haz;5;4.Þub;Oca.57;5.Nis;4.Þub;Oca.57;38;May.75;May.28;Nis.35;4.Kas;Oca.65;Oca.58;33;Oca.73;Oca.67;Þub.25;Þub.15;21;1;1.Eyl;Oca.83;2.May;Oca.98;May.81;Nis.56;Oca.55
B1;21.10.2018;RSC Anderlecht;KSV Cercle Brugge;4;2;H;2;0;H;12;7;7;4;17;23;7;4;2;4;0;0;Oca.36;5;7.May;Oca.42;4.Haz;Tem.75;Oca.38;Nis.85;6.Haz;1.Nis;May.15;Haz.98;Oca.38;5;7;1.Nis;5;7;36;Oca.45;1.Nis;May.25;Nis.92;Tem.75;Haz.93;33;Oca.55;1.May;2.Haz;2.May;18;-1.25;Oca.92;Oca.86;2.Mar;Oca.96;Oca.37;5.Nis;Tem.93
B1;21.10.2018;Sporting de Charleroi;SV Zulte-Waregem;3;2;H;1;0;H;11;9;8;4;10;10;2;6;2;3;0;0;Oca.83;3.May;4.Þub;Oca.95;3.Tem;3.Aðu;Oca.87;Mar.65;3.Tem;Oca.91;3.Eyl;Mar.85;Oca.88;Mar.75;3.Tem;Oca.87;3.Aðu;3.Aðu;35;Oca.96;1.Eyl;Mar.95;Mar.72;4.Þub;Mar.75;34;Oca.73;Oca.67;Þub.25;Þub.16;17;-0.75;Þub.25;Þub.15;Oca.75;1.Tem;Oca.95;Mar.77;Mar.91
B1;21.10.2018;KV Oostende;KAA Gent;0;4;A;0;2;A;8;14;4;11;18;18;5;4;4;1;0;0;3.Mar;3.May;2.Oca;3.Mar;3.May;Þub.15;3.Oca;Mar.45;Þub.15;Mar.14;Mar.67;Þub.24;3.Oca;3.May;Þub.15;Mar.25;3.May;Þub.15;34;3.Mar;Mar.14;3.Tem;Mar.49;Þub.25;Þub.17;34;Oca.77;Oca.71;2.Þub;2.Eyl;17;0.25;2.Oca;Oca.94;Oca.95;Oca.89;Mar.37;Mar.76;Þub.13
B1;26.10.2018;KAA Gent;Sporting de Charleroi;2;1;H;1;1;D;12;6;6;4;16;23;7;2;2;4;0;0;Oca.66;3.Aðu;5;Oca.67;4;5;Oca.65;3.Aðu;Nis.75;Oca.71;Mar.99;Nis.96;1.Tem;3.Eyl;4.May;1.Tem;3.Aðu;Nis.75;37;Oca.75;Oca.69;4.May;Mar.85;5;Nis.76;35;Oca.84;Oca.78;Þub.13;2.Oca;19;-1;Þub.35;Þub.23;Oca.75;Oca.66;Oca.89;Mar.62;Nis.36
B1;27.10.2018;KSV Cercle Brugge;KV Kortrijk;1;1;D;0;1;A;7;14;2;8;17;12;6;10;1;1;0;0;2.Tem;3.Nis;2.May;Þub.75;3.Tem;2.Nis;Þub.65;3.Nis;Þub.45;Þub.77;Mar.57;Þub.53;2.Tem;3.Nis;Þub.45;Þub.75;3.May;Þub.45;37;Þub.84;Þub.71;3.Tem;Mar.45;2.Haz;Þub.47;35;Oca.81;Oca.74;Þub.17;2.May;18;0.25;Oca.76;Oca.71;Þub.23;Þub.15;3.May;Mar.59;Þub.35
B1;27.10.2018;Sporting Lokeren;KV Oostende;0;0;D;0;0;D;9;16;3;10;16;12;3;7;1;1;0;0;3;3.Nis;2.Mar;3.Oca;3.Nis;2.Mar;Þub.85;3.Nis;Þub.25;Þub.96;Mar.59;Þub.38;2.Aðu;3.May;Þub.35;2.Eyl;3.Haz;2.Mar;36;3.Oca;Þub.95;Mar.65;Mar.46;2.Nis;2.Mar;35;1.Aðu;Oca.75;Þub.15;2.May;16;0.25;Oca.87;Oca.82;2.Haz;2.Oca;Þub.89;Mar.73;2.Nis
B1;27.10.2018;Sint-Truidense VV;Club Brugge KV;2;2;D;1;2;A;9;8;4;5;10;15;6;2;2;1;0;0;Nis.33;4;Oca.72;4.Haz;3.Eyl;Oca.75;Nis.15;Mar.75;Oca.75;Nis.46;Mar.74;Oca.82;4;3.Eyl;Oca.78;4.Oca;4;Oca.75;35;4.Haz;4.Mar;4.Oca;Mar.83;Oca.83;Oca.77;31;Oca.65;Oca.59;Þub.38;Þub.28;17;0.75;Oca.92;Oca.84;2.May;Oca.98;Nis.47;Mar.68;Oca.85
B1;27.10.2018;SV Zulte-Waregem;Royal Excel Mouscron;2;2;D;2;1;H;8;12;6;4;11;19;8;3;2;2;0;0;Oca.61;4;5;Oca.62;4.Oca;May.25;Oca.63;4;Nis.65;Oca.67;4.Oca;Nis.96;Oca.62;4.Þub;4.Aðu;1.Haz;4.Þub;5;37;1.Tem;Oca.64;4.Mar;4.Aðu;May.25;4.Eyl;32;Oca.62;Oca.58;Þub.45;Þub.31;20;-1;Þub.19;2.Oca;Oca.82;Oca.74;Oca.74;Mar.88;Nis.96
B1;28.10.2018;KAS Eupen;RSC Anderlecht;2;1;H;2;0;H;5;9;5;5;19;13;4;12;2;1;0;0;4.May;4;1.Tem;4.Oca;4.Þub;Oca.75;Nis.15;3.Eyl;1.Tem;4.Mar;4.Aðu;Oca.77;4.Þub;4;Oca.73;4.Nis;4.Oca;1.Tem;34;4.May;Nis.22;4.Þub;Mar.99;1.Aðu;Oca.74;30;Oca.61;Oca.53;2.May;Þub.41;15;0.75;Oca.97;Oca.91;Oca.97;Oca.92;4.Oca;Mar.69;Oca.93
B1;28.10.2018;Standard de Liège;KRC Genk;1;1;D;0;0;D;11;12;6;6;16;19;5;4;2;2;0;0;3;Mar.25;Þub.37;3;3.Haz;2.Mar;2.Aðu;3.May;Þub.25;Þub.88;Mar.72;Þub.37;Þub.75;3.Haz;Þub.35;2.Aðu;3.Tem;2.Mar;35;3;Þub.86;Mar.72;Mar.53;2.Nis;Þub.32;31;Oca.67;Oca.63;Þub.32;Þub.21;17;0.25;Oca.85;1.Aðu;2.Aðu;2.Mar;Mar.21;Mar.91;Þub.15
B1;28.10.2018;Waasland-Beveren;Royal Antwerp FC;0;1;A;0;0;D;15;13;6;6;19;7;5;8;2;1;0;0;Nis.75;Mar.75;Oca.72;Nis.33;3.Aðu;1.Aðu;Nis.35;Mar.65;Oca.73;Nis.36;Mar.95;Oca.79;4.Þub;3.Aðu;Oca.75;4.Haz;3.Haz;Oca.75;33;Nis.75;Nis.36;Mar.95;Mar.74;Oca.81;Oca.77;31;2.Mar;Oca.95;1.Eyl;Oca.82;15;0.75;Oca.85;Oca.82;2.Tem;2.Oca;Nis.67;3.Eyl;Oca.77
B1;30.10.2018;Sporting de Charleroi;Sint-Truidense VV;1;0;H;0;0;D;14;9;8;4;7;16;6;2;1;2;0;0;1.Eyl;3.Haz;Mar.75;Oca.91;3.Tem;3.Eyl;Oca.87;Mar.55;3.Aðu;Oca.94;Mar.81;Mar.92;Oca.88;3.Tem;3.Tem;Oca.91;3.Haz;3.Eyl;37;2;Oca.92;Mar.81;Mar.64;4.May;3.Aðu;35;1.Eyl;Oca.82;2.Nis;Oca.97;18;-0.75;Þub.26;Þub.19;Oca.75;Oca.69;2.Þub;3.May;Mar.94
B1;30.10.2018;Club Brugge KV;KV Oostende;4;0;H;3;0;H;15;11;9;6;9;21;8;2;1;4;0;0;Oca.36;May.25;7;Oca.36;5.May;Tem.75;Oca.37;Nis.95;6.Haz;Oca.34;May.48;Aðu.79;Oca.36;May.25;7;Oca.36;5.Þub;7.May;37;Oca.42;Oca.35;May.75;May.21;8.Eyl;Tem.66;36;Oca.45;Oca.42;2.Eyl;Þub.74;19;-1.75;Þub.35;Þub.26;1.Tem;Oca.64;Oca.29;May.84;Eki.33
B1;30.10.2018;Royal Excel Mouscron;KAA Gent;3;1;H;2;0;H;17;18;9;7;25;9;6;4;2;0;0;0;5.May;4.Þub;Oca.55;May.25;4.Oca;Oca.62;5.Oca;4.Oca;Oca.57;May.33;Nis.36;Oca.61;5;Nis.33;Oca.57;5.Nis;4.Þub;Oca.57;37;5.May;May.22;Nis.45;Nis.16;Oca.65;Oca.59;33;1.Tem;Oca.64;2.Mar;Þub.21;21;1;1.Eyl;Oca.84;2.Oca;Oca.98;May.51;Nis.35;1.Haz
B1;31.10.2018;Royal Antwerp FC;KRC Genk;2;4;A;2;0;H;12;18;8;12;15;12;5;6;3;3;0;0;3.Mar;3.May;2.Oca;3.May;3.Haz;2.May;3.Mar;3.Haz;2;Mar.44;Mar.72;2.Eyl;3.Mar;3.Haz;2.May;3.Mar;3.Tem;2.May;35;Mar.55;Mar.33;Mar.85;Mar.63;Þub.13;2.Haz;33;1.Tem;Oca.63;2.Mar;Þub.22;17;0.25;Þub.13;2.Nis;Oca.86;Oca.79;Mar.41;Mar.63;Þub.16
B1;31.10.2018;KAS Eupen;KSV Cercle Brugge;2;0;H;0;0;D;12;6;6;5;17;19;7;5;2;3;0;0;2.Nis;3.May;3.Nis;2.May;3.May;3.Haz;2;Mar.45;Mar.45;2.Tem;Mar.61;3.Haz;2.May;3.Haz;3.Mar;2.May;3.Haz;3.Nis;36;2.Oca;2.Nis;3.Tem;Mar.52;3.Tem;Mar.46;34;Oca.85;Oca.81;2.May;Oca.97;18;-0.25;Oca.83;Oca.77;Þub.14;2.Haz;2.Oca;Mar.51;Mar.68
B1;31.10.2018;KV Kortrijk;Waasland-Beveren;2;2;D;2;0;H;16;9;10;5;15;11;9;5;2;2;0;0;1.May;4.May;6;1.May;Nis.33;6.May;Oca.47;Nis.25;6;Oca.49;4.May;6.May;Oca.47;4.Nis;6;Oca.45;4.Nis;6.May;34;Oca.55;Oca.49;Nis.65;Nis.35;6.May;6.Þub;32;Oca.75;Oca.68;Þub.21;Þub.13;20;-1;Oca.85;1.Aðu;2.Oca;2.Mar;Oca.61;4.Oca;6
B1;1.11.2018;RSC Anderlecht;Sporting Lokeren;1;1;D;0;0;D;11;5;4;3;15;19;5;4;0;1;0;0;Oca.25;5.May;12;Oca.25;Haz.25;11.May;Oca.25;5.Tem;9.May;Oca.23;Haz.21;Ara.31;Oca.27;5.Aðu;9.May;Oca.25;6;10.May;35;1.Mar;Oca.25;6.May;6.Oca;Ara.31;Eki.71;32;Oca.45;Oca.43;Þub.88;2.Tem;17;-1.5;Oca.81;Oca.72;Þub.25;Þub.13;Oca.25;Haz.24;12.Aðu
B1;1.11.2018;SV Zulte-Waregem;Standard de Liège;3;1;H;1;1;D;12;6;10;5;12;16;6;8;2;2;1;0;3.May;Mar.75;Oca.95;Mar.75;3.Eyl;1.Eyl;3.May;Mar.75;1.Eyl;Mar.68;Mar.92;Oca.95;3.Nis;3.Eyl;Oca.91;3.May;3.Eyl;Oca.93;35;Mar.75;Mar.54;4.May;Mar.85;2;Oca.92;33;Oca.55;1.May;Þub.65;Þub.49;17;0.25;Þub.22;Þub.16;Oca.75;Oca.69;3.Ara;Mar.46;Þub.37
B1;2.11.2018;KV Oostende;Sporting de Charleroi;2;1;H;1;0;H;8;12;4;3;21;14;3;6;3;1;0;0;3.Oca;3.Mar;2.Mar;Þub.75;3.Nis;Þub.55;Þub.85;Mar.25;2.Nis;Þub.98;Mar.36;Þub.52;Þub.88;Mar.25;2.Nis;2.Eyl;3.Mar;Þub.45;37;3.Oca;Þub.86;3.Nis;Mar.29;Þub.65;Þub.45;35;2;Oca.92;Oca.93;Oca.86;18;0.25;Oca.81;Oca.76;Þub.15;2.Eyl;Þub.92;Mar.42;Þub.53
B1;3.11.2018;KSV Cercle Brugge;Royal Excel Mouscron;2;1;H;0;1;A;12;3;8;1;20;11;9;3;2;2;0;1;Þub.25;3.Mar;3.Þub;2.Þub;3.May;3.Þub;2.Þub;Mar.45;3;Þub.27;Mar.68;3.Tem;2.Þub;3.Haz;3;2.Þub;3.May;Mar.13;36;2.Mar;Þub.22;3.Tem;Mar.51;3.Mar;3.Haz;33;Oca.84;Oca.77;2.Ara;2.Þub;18;-0.25;Oca.99;Oca.93;Oca.96;Oca.89;Þub.45;Mar.35;3.Aðu
B1;3.11.2018;KRC Genk;Club Brugge KV;1;1;D;1;0;H;6;12;3;4;9;20;4;3;0;2;0;0;1.Eyl;3.Haz;Mar.75;Oca.91;3.Aðu;Mar.75;Oca.87;3.Tem;3.Haz;Oca.92;4.Oca;Mar.71;Oca.88;3.Eyl;3.Haz;1.Eyl;3.Aðu;3.Tem;37;2;Oca.91;4.Oca;Mar.78;3.Aðu;Mar.62;33;Oca.65;1.Haz;2.Nis;Þub.28;17;-0.25;Oca.76;Oca.69;Þub.26;Þub.18;Oca.65;Nis.78;Nis.49
B1;3.11.2018;KAA Gent;KV Kortrijk;3;1;H;0;1;A;9;7;5;4;21;20;5;4;1;4;0;0;Oca.61;4;5;Oca.65;3.Eyl;May.25;Oca.65;3.Aðu;4.Tem;Oca.68;Mar.91;May.24;Oca.65;4;Nis.75;Oca.65;4;5;37;1.Tem;Oca.65;4.Þub;3.Eyl;May.25;Nis.92;35;Oca.75;Oca.69;2.Þub;2.Ara;20;-1;Þub.25;Þub.16;Oca.75;1.Tem;Oca.67;4.Kas;May.14
B1;4.11.2018;Sporting Lokeren;KAS Eupen;2;0;H;2;0;H;9;9;6;4;16;12;2;9;0;0;0;0;Þub.45;3.Mar;2.Aðu;Þub.45;3.Nis;Þub.85;2.Nis;3.Nis;2.Tem;Þub.52;3.Haz;Þub.75;Þub.45;3.May;Þub.62;2.May;3.May;2.Tem;36;Þub.55;Þub.46;3.Haz;Mar.44;Þub.85;Þub.72;34;Oca.88;Oca.77;2.Oca;2.Oca;18;-0.25;Þub.23;Þub.13;Oca.77;Oca.71;Þub.62;Mar.65;Þub.67
B1;4.11.2018;Sint-Truidense VV;SV Zulte-Waregem;2;1;H;0;1;A;12;6;6;3;11;19;1;6;3;2;0;1;2;3.May;3.Haz;2;3.Haz;3.Tem;2.May;Mar.45;Mar.35;2.Ara;Mar.41;Mar.68;2.May;3.May;3.Nis;2.Oca;3.May;3.Nis;36;Þub.15;2.Haz;Mar.65;Mar.48;Mar.77;Mar.47;33;1.Tem;Oca.62;Þub.35;Þub.23;17;-0.5;2.Kas;2.Haz;Oca.84;Oca.78;Þub.23;Mar.57;Mar.29
B1;4.11.2018;Standard de Liège;Royal Antwerp FC;0;2;A;0;1;A;8;5;2;2;12;19;2;2;2;5;0;0;Oca.95;3.May;Mar.75;2.May;3.Haz;3.May;2;Mar.45;Mar.45;2.Haz;Mar.65;Mar.57;2;3.Haz;3.Nis;2;3.May;3.Haz;35;2.Haz;2.Oca;3.Tem;Mar.56;Mar.75;Mar.52;33;1.Eyl;Oca.81;2.Tem;Oca.97;17;-0.25;1.Aðu;Oca.75;Þub.17;2.Eyl;2.Eyl;Mar.34;Mar.94
B1;4.11.2018;Waasland-Beveren;RSC Anderlecht;1;2;A;0;1;A;6;7;4;4;23;26;3;2;7;4;1;1;5.May;3.Aðu;Oca.61;5;4.Oca;Oca.65;Nis.65;Mar.85;Oca.65;Nis.94;Mar.94;1.Tem;4.May;4;Oca.67;5;3.Aðu;Oca.67;35;5.May;Nis.81;4.Þub;Mar.93;Oca.72;Oca.66;32;1.Tem;Oca.65;2.Mar;Þub.19;19;1;Oca.79;Oca.72;Þub.23;Þub.13;Haz.85;4.Mar;Oca.55
B1;9.11.2018;Royal Antwerp FC;KV Oostende;2;0;H;1;0;H;19;7;9;5;20;13;9;4;3;2;0;1;Oca.44;4.May;6.May;Oca.48;4.Haz;Haz.75;Oca.45;4.Mar;6.Mar;Oca.48;Nis.66;Haz.77;Oca.44;4.May;6.May;Oca.44;4.Nis;7;34;Oca.55;Oca.47;Nis.66;Nis.41;7;Haz.37;32;Oca.85;Oca.73;Þub.14;2.Haz;18;-1;Oca.85;Oca.77;Þub.13;2.Haz;Oca.52;Nis.38;Haz.59
B1;10.11.2018;KSV Cercle Brugge;Waasland-Beveren;2;0;H;1;0;H;8;5;4;1;15;19;6;3;0;2;0;0;Oca.85;3.Haz;4;Oca.95;3.Haz;4;1.Eyl;3.May;Mar.75;Oca.96;Mar.65;Mar.91;Oca.95;3.Haz;3.Haz;Oca.93;3.Haz;3.Aðu;36;Oca.97;Oca.92;3.Tem;Mar.58;4.Þub;Mar.79;34;Oca.85;Oca.78;2.Oca;2;18;-0.5;Oca.99;Oca.93;Oca.95;1.Eyl;Oca.79;4.Nis;Nis.39
B1;10.11.2018;Sporting de Charleroi;Club Brugge KV;2;1;H;1;1;D;7;5;6;4;15;17;4;5;1;1;0;0;3.Haz;3.Haz;Oca.95;3.Haz;3.Haz;2.May;Mar.45;3.May;Oca.97;Mar.58;3.Aðu;2.Oca;3.Mar;3.Tem;2;3.May;3.Haz;2;37;3.Tem;Mar.51;3.Aðu;Mar.59;2.Haz;2;36;Oca.76;1.Tem;Þub.21;2.Kas;19;0.25;Þub.17;2.Oca;Oca.78;Oca.74;Mar.66;Mar.68;2.May
B1;10.11.2018;KAS Eupen;Sint-Truidense VV;1;4;A;0;2;A;7;6;2;6;20;18;5;3;3;2;0;0;Þub.37;3.Haz;2.Tem;Þub.45;3.Nis;Þub.95;Þub.35;Mar.45;Þub.75;Þub.42;Mar.59;2.Eyl;Þub.38;3.May;Þub.75;2.Nis;3.May;2.Aðu;37;Þub.45;Þub.38;Mar.65;Mar.46;Þub.95;Þub.82;36;Oca.81;Oca.75;Þub.15;2.May;19;-0.25;Þub.14;2.Tem;Oca.81;Oca.76;Þub.42;Mar.47;3.Mar
B1;10.11.2018;SV Zulte-Waregem;Sporting Lokeren;2;0;H;0;0;D;8;1;4;0;14;18;4;7;2;6;0;0;1.Haz;Nis.33;Nis.75;Oca.65;4.Oca;May.25;Oca.63;4.May;4.Haz;Oca.66;Nis.16;Nis.94;Oca.65;4;4.Haz;Oca.65;4.Þub;Nis.75;37;Oca.72;Oca.65;Nis.33;4.May;May.25;Nis.79;33;1.Haz;Oca.54;Þub.55;2.Nis;21;-1;Þub.14;2.Aðu;Oca.81;Oca.75;Oca.69;Nis.19;Nis.81
B1;11.11.2018;RSC Anderlecht;KAA Gent;2;0;H;1;0;H;19;15;11;5;20;18;7;4;1;2;0;2;2;3.Haz;3.May;2.May;3.Tem;3.May;Oca.97;Mar.55;3.Nis;2.Tem;3.Tem;3.May;2.May;3.Haz;3.Mar;2.May;3.Tem;3.Mar;35;Þub.13;2.Mar;3.Aðu;Mar.61;3.Haz;Mar.39;32;Oca.75;Oca.68;Þub.25;Þub.13;18;-0.25;Oca.83;Oca.78;2.Oca;2.May;Þub.55;Mar.53;Þub.81
B1;11.11.2018;KV Kortrijk;Standard de Liège;0;2;A;0;1;A;12;9;4;7;12;14;5;2;3;4;0;0;2.Haz;3.Haz;2.May;Þub.75;3.Haz;2.May;2.Haz;Mar.55;2.Nis;2.Tem;3.Aðu;Þub.47;Þub.55;3.Haz;2.May;Þub.63;3.Haz;2.May;35;Þub.76;Þub.64;3.Aðu;Mar.56;Þub.63;Þub.46;32;1.Tem;Oca.63;Þub.35;Þub.22;18;0.25;Oca.75;1.Tem;Þub.25;Þub.15;Þub.49;Mar.81;Þub.73
B1;11.11.2018;Royal Excel Mouscron;KRC Genk;0;0;D;0;0;D;11;15;3;8;20;20;5;2;3;4;0;0;7.May;5.May;Oca.33;8;5.May;Oca.36;7;Nis.75;Oca.37;Tem.92;Nis.89;Oca.39;7;5;Oca.38;8;5;Oca.36;36;8.Þub;Tem.44;5.May;Nis.91;Oca.42;Oca.37;33;1.Haz;Oca.56;Þub.55;Þub.38;18;1.May;1.Aðu;Oca.77;Þub.16;2.Tem;Eyl.79;Haz.53;Oca.27
B1;23.11.2018;Club Brugge KV;SV Zulte-Waregem;1;3;A;0;2;A;9;7;3;3;16;19;5;2;0;1;0;0;Oca.36;5.May;7;1.Nis;5.May;Haz.75;Oca.37;5.Oca;6.May;Oca.36;May.61;Tem.59;Oca.33;May.25;7.May;Oca.36;5.Nis;7;38;Oca.41;Oca.36;May.65;May.29;7.Eyl;7.Aðu;31;1.Nis;Oca.35;3.Mar;3.Eyl;21;-1.5;2.Þub;Oca.96;Oca.91;Oca.86;Oca.37;May.14;Aðu.51
B1;24.11.2018;KRC Genk;KSV Cercle Brugge;1;2;A;0;2;A;14;3;5;2;10;20;12;4;0;5;0;1;Oca.16;7;15;1.Þub;7.May;14;Oca.18;6.Aðu;12;Oca.19;Tem.22;Ara.73;Oca.17;7;15;Oca.17;7.May;15;36;Oca.21;Oca.18;8;Tem.19;15;13.26;30;Oca.37;Oca.35;Mar.25;3.Nis;22;-2;1.Eyl;Oca.84;2.May;Oca.98;Oca.18;Tem.93;14.Mar
B1;24.11.2018;KV Oostende;KV Kortrijk;1;2;A;1;1;D;11;10;6;6;9;13;2;11;1;1;0;0;3.Oca;3.Nis;Þub.25;3.Þub;3.May;Þub.25;Þub.95;Mar.45;2.Þub;3.Eyl;Mar.71;Þub.25;3;3.May;2.Þub;3;3.May;Þub.25;37;3.Þub;3.Oca;Mar.75;Mar.51;Þub.38;Þub.25;36;Oca.79;Oca.74;Þub.13;2.May;20;0.25;Oca.93;Oca.86;2.Eyl;Oca.96;Þub.52;Mar.68;Þub.75
B1;24.11.2018;Standard de Liège;KAS Eupen;3;0;H;2;0;H;11;2;6;1;16;22;5;4;2;2;0;0;1.Nis;5;6.May;Oca.45;Nis.75;7;Oca.45;Nis.45;6.Þub;Oca.46;Nis.51;7.Þub;Oca.42;4.May;7;Oca.44;Nis.75;6.May;37;Oca.49;Oca.44;5;Nis.59;7.Þub;Haz.57;33;1.Haz;Oca.56;Þub.45;Þub.35;22;-1;Oca.76;Oca.71;Þub.21;Þub.15;Oca.63;Mar.83;6.Tem
B1;24.11.2018;Waasland-Beveren;Royal Excel Mouscron;1;2;A;0;1;A;12;13;5;7;20;16;3;7;2;4;0;0;Þub.62;3.Nis;Þub.54;2.Aðu;3.Nis;Þub.55;2.Tem;3.Mar;Þub.45;Þub.84;Mar.48;Þub.52;Þub.75;3.Nis;Þub.45;2.Tem;3.Nis;Þub.55;36;Þub.84;Þub.71;Mar.48;Mar.39;Þub.63;Þub.52;34;Oca.89;Oca.83;2.Þub;Oca.95;20;0;2.Haz;Oca.98;Oca.92;Oca.84;Þub.47;Mar.53;Þub.92
B1;25.11.2018;KAA Gent;Royal Antwerp FC;0;0;D;0;0;D;9;5;2;1;16;16;2;2;1;5;0;0;2;3.May;3.Haz;2.May;3.Haz;3.Haz;Oca.95;Mar.45;3.Haz;2.Nis;Mar.61;Mar.69;2;3.Nis;3.Haz;2;3.May;3.Haz;36;2.Aðu;Oca.99;Mar.61;Mar.49;Mar.75;Mar.61;33;Oca.95;Oca.85;2;Oca.93;18;-0.25;Oca.77;Oca.74;2.Þub;2.Ara;2.Haz;3.Haz;Mar.71
B1;25.11.2018;Sporting Lokeren;Sporting de Charleroi;2;4;A;1;1;D;12;14;7;10;13;12;0;6;0;1;0;0;3.May;3.Haz;2;3.Tem;3.May;2.May;Mar.45;3.Nis;2;Mar.59;Mar.62;2.Tem;3.Nis;3.May;2.May;3.May;3.May;2.May;38;3.Tem;Mar.45;Mar.62;Mar.47;Þub.17;2.May;35;Oca.97;Oca.88;Oca.94;Oca.89;20;0.25;2.Kas;2.Nis;Oca.85;Oca.79;Mar.89;Mar.85;Oca.93
B1;25.11.2018;Sint-Truidense VV;RSC Anderlecht;4;2;H;1;1;D;10;8;6;4;15;12;3;2;3;3;0;0;3.Mar;3.Haz;2.Nis;3.Mar;3.Tem;Þub.15;Mar.15;3.May;2.Oca;Mar.26;Mar.68;Þub.18;3.Oca;3.May;Þub.15;Mar.25;3.Haz;2.Oca;38;3.Mar;Mar.16;3.Tem;Mar.53;Þub.24;Þub.13;36;Oca.82;Oca.73;Þub.14;2.Tem;20;0.25;2.May;Oca.98;1.Eyl;Oca.85;Þub.49;Mar.36;3.Oca
B1;30.11.2018;Sporting Lokeren;KAA Gent;2;2;D;1;0;H;11;14;5;8;13;16;3;10;1;2;0;0;6.May;4;1.May;6;4.May;1.May;5.May;4.Mar;1.May;May.65;Nis.59;Oca.55;5.Aðu;Nis.33;1.May;6;4.Nis;1.May;38;6.May;May.62;Nis.59;Nis.34;Oca.58;Oca.52;34;Oca.68;Oca.63;Þub.31;Þub.23;23;1;2.May;Oca.95;Oca.92;Oca.86;Haz.16;5.Þub;Oca.47
B1;1.12.2018;Royal Antwerp FC;Sint-Truidense VV;1;3;A;1;2;A;9;10;4;4;16;13;9;7;2;4;0;0;Oca.66;3.Haz;May.25;1.Tem;Mar.75;5.May;1.Tem;Mar.55;4.Aðu;Oca.75;Mar.52;5.Nis;Oca.67;3.Haz;May.25;1.Tem;3.Aðu;4.Aðu;37;Oca.75;Oca.71;3.Aðu;Mar.59;5.May;Nis.95;34;Oca.98;1.Eyl;Oca.96;Oca.88;20;-1;Þub.39;Þub.28;1.Tem;Oca.63;Oca.83;Mar.48;Nis.99
B1;1.12.2018;Sporting de Charleroi;KSV Cercle Brugge;3;1;H;1;0;H;15;4;7;1;19;16;2;3;2;3;0;0;Oca.57;4;5.May;Oca.62;4.Oca;5.May;Oca.57;4.May;5.Þub;1.Haz;Nis.16;May.53;Oca.57;4;5.May;Oca.57;4.Oca;5.May;38;Oca.63;Oca.59;Nis.25;4.Haz;May.63;May.26;36;Oca.77;Oca.71;Þub.19;2.Oca;23;-1;2.Tem;2.Oca;Oca.87;Oca.81;Oca.66;Mar.85;May.76
B1;1.12.2018;KV Kortrijk;Royal Excel Mouscron;1;0;H;1;0;H;5;8;3;5;20;14;2;4;3;2;0;0;Oca.72;Mar.75;4.May;Oca.78;3.Eyl;4.May;Oca.75;Mar.75;4.Oca;Oca.79;Mar.94;Nis.37;Oca.73;3.Aðu;Nis.33;Oca.73;4;Nis.33;38;Oca.83;Oca.76;4;Mar.83;4.May;Nis.22;33;Oca.65;Oca.58;Þub.47;2.Mar;20;-0.75;2.May;Oca.97;Oca.93;Oca.86;Oca.74;Mar.95;Nis.83
B1;1.12.2018;SV Zulte-Waregem;KV Oostende;1;1;D;1;0;H;7;8;2;4;13;21;6;4;2;2;0;0;Oca.72;Mar.75;4.May;Oca.75;Nis.25;Nis.25;1.Tem;4;4.May;Oca.78;Nis.23;4.Oca;Oca.73;4;4.Þub;Oca.75;4;4.Þub;37;Oca.78;Oca.75;Nis.33;4.May;4.May;4.Oca;32;Oca.55;Oca.51;2.Haz;Þub.47;19;-0.75;2;Oca.95;Oca.95;Oca.88;Oca.74;Nis.38;Nis.29
B1;2.12.2018;RSC Anderlecht;KRC Genk;0;1;A;0;0;D;10;6;4;2;21;24;3;1;4;2;0;0;3.Oca;3.May;2.Þub;3.Oca;Mar.75;2.Þub;Mar.15;Mar.55;2.Oca;Mar.33;Mar.65;Þub.16;3.Þub;3.Haz;2.Oca;Mar.25;Mar.75;2.May;38;Mar.33;Mar.13;3.Aðu;Mar.58;Þub.23;Þub.13;33;Oca.65;Oca.62;2.Mar;Þub.24;20;0.25;2.Haz;Oca.98;1.Eyl;Oca.84;Mar.45;Mar.77;2.Oca
B1;2.12.2018;Club Brugge KV;Standard de Liège;3;0;H;3;0;H;11;3;8;1;15;21;5;5;2;4;0;1;Oca.66;3.Aðu;5;Oca.72;4;Nis.75;1.Tem;3.Eyl;Nis.25;Oca.75;4.Haz;Nis.45;1.Tem;3.Eyl;4.Nis;1.Tem;4;4.May;38;Oca.76;Oca.71;4.Þub;Mar.95;5;Nis.38;33;Oca.62;Oca.58;2.Nis;2.Mar;20;-0.75;Oca.96;Oca.91;Oca.96;Oca.91;Oca.76;Mar.81;Nis.85
B1;2.12.2018;KAS Eupen;Waasland-Beveren;1;0;H;1;0;H;16;8;6;6;14;20;8;5;2;3;0;0;Oca.61;4.Þub;Nis.75;Oca.65;4.Oca;May.25;Oca.57;4;5.Oca;Oca.62;4.Oca;May.41;1.Haz;3.Eyl;May.25;1.Haz;4.Oca;May.25;37;Oca.66;Oca.61;4.Þub;4.Mar;5.May;May.14;32;Oca.75;Oca.69;2.Þub;2.Kas;22;-1;2.Kas;2.Nis;1.Eyl;Oca.78;Oca.75;Mar.77;5.Haz
B1;7.12.2018;Waasland-Beveren;Club Brugge KV;2;1;H;0;0;D;9;10;4;6;14;14;7;4;2;4;0;1;7;5;Oca.36;7.May;5;Oca.42;6.Haz;4.Aðu;1.Nis;7;May.16;Oca.42;8;4.Aðu;Oca.36;8;5;Oca.36;37;8;7.Eyl;May.16;Nis.88;Oca.43;Oca.39;30;Oca.66;Oca.55;2.May;Þub.39;22;1.May;1.Aðu;Oca.75;Þub.16;2.Eyl;Tem.13;Nis.94;Oca.43
B1;8.12.2018;KRC Genk;KV Kortrijk;1;1;D;1;1;D;19;8;6;4;8;20;4;2;2;5;0;0;1.Þub;7;11;Oca.26;6.May;10.May;Oca.25;5.Aðu;9.Oca;Oca.25;Haz.15;Eki.82;Oca.24;5.Aðu;11;Oca.25;Haz.25;10;37;1.Mar;Oca.25;7;6.Aðu;11;10.Þub;31;1.Nis;Oca.36;3.Þub;3.Oca;22;-1.5;Oca.77;Oca.72;Þub.25;Þub.14;Oca.29;May.87;Eki.24
B1;8.12.2018;Royal Excel Mouscron;SV Zulte-Waregem;0;0;D;0;0;D;1;9;0;4;22;17;5;5;2;1;1;0;2.Tem;3.Nis;2.May;Þub.65;3.Haz;2.Haz;2.May;3.May;Þub.55;2.Haz;Mar.73;2.Haz;Þub.55;3.Haz;2.May;2.Haz;3.Haz;2.May;37;Þub.85;Þub.61;Mar.73;Mar.54;Þub.64;Þub.52;32;1.Tem;Oca.66;Þub.25;Þub.16;20;0;2.May;Oca.93;Oca.96;Oca.89;2.Aðu;Mar.77;Þub.44
B1;8.12.2018;KV Oostende;Sporting Lokeren;1;0;H;0;0;D;5;8;5;2;17;12;1;4;1;2;0;0;1.Aðu;3.Aðu;4;Oca.85;4;4;1.Aðu;Mar.65;Mar.95;Oca.85;Mar.74;Nis.25;1.Aðu;3.Tem;4;Oca.83;3.Aðu;4;37;Oca.88;Oca.82;4;Mar.74;Nis.25;4.Haz;32;1.Tem;Oca.66;Þub.25;Þub.16;20;-0.75;Þub.14;2.Tem;Oca.81;Oca.77;Oca.77;3.Aðu;Nis.83
B1;8.12.2018;Sint-Truidense VV;Standard de Liège;1;1;D;1;0;H;15;14;8;6;15;15;3;13;3;1;0;0;2.Mar;3.Nis;3;Þub.45;3.May;Þub.85;2.Nis;3.Nis;2.Tem;Þub.48;Mar.58;Þub.82;2.Nis;3.Nis;2.Aðu;2.Nis;3.May;2.Aðu;37;2.May;Þub.43;3.Haz;Mar.45;3;Þub.76;35;1.Aðu;Oca.73;Þub.14;2.Tem;20;0;Oca.85;Oca.79;Þub.13;2.May;Þub.57;Mar.47;Þub.83
B1;9.12.2018;RSC Anderlecht;Sporting de Charleroi;1;1;D;0;0;D;12;7;6;4;19;11;6;3;4;2;0;0;Oca.83;Mar.75;4;1.Eyl;3.Eyl;3.Eyl;Oca.83;3.Haz;Mar.95;1.Eyl;Mar.66;Nis.16;Oca.85;3.Tem;3.Eyl;Oca.87;3.Tem;3.Eyl;36;Oca.93;Oca.87;3.Eyl;Mar.66;4.Þub;Mar.94;33;Oca.81;Oca.77;Þub.13;2.Þub;19;-0.75;Þub.23;Þub.13;1.Aðu;Oca.72;Oca.83;Mar.64;Nis.69
B1;9.12.2018;KSV Cercle Brugge;Royal Antwerp FC;0;3;A;0;2;A;8;7;4;5;17;21;6;6;4;4;0;0;3.Haz;3.May;2;3.Eyl;3.May;2;Mar.65;3.Nis;Oca.95;Mar.83;Mar.54;2.Þub;3.Tem;3.Nis;2;3.Haz;3.May;2;35;3.Eyl;Mar.69;3.Haz;Mar.47;2.May;Oca.99;32;Oca.96;Oca.87;Oca.97;Oca.91;18;0.5;Oca.88;Oca.83;2.Eyl;2;Mar.44;Mar.48;2.Þub
B1;9.12.2018;KAA Gent;KAS Eupen;2;0;H;1;0;H;13;9;6;4;20;13;7;6;2;3;0;1;Oca.44;4.Þub;7.May;Oca.48;Nis.75;6.May;Oca.45;Nis.35;6.Oca;Oca.47;Nis.63;6.Tem;Oca.44;4.May;6.May;Oca.45;4.Haz;6.May;36;1.May;Oca.46;Nis.75;4.May;7.May;Haz.38;32;Oca.65;Oca.59;2.Nis;2.Mar;20;-1;Oca.79;Oca.74;Þub.17;2.Oca;Oca.42;4.Eyl;Tem.64
B1;14.12.2018;Sporting de Charleroi;KAA Gent;2;0;H;0;0;D;6;7;4;4;12;14;1;4;2;4;0;0;2.Aðu;3.Nis;2.Nis;Þub.85;3.May;2.May;2.Aðu;Mar.35;Þub.35;Þub.93;Mar.44;Þub.51;2.Aðu;3.Mar;Þub.45;2.Aðu;3.Nis;Þub.45;35;Þub.95;Þub.83;Mar.55;Mar.34;Þub.55;Þub.45;32;Oca.82;Oca.75;Þub.15;2.May;19;0;2.Ara;2.Haz;Oca.83;Oca.78;Þub.79;Mar.28;Þub.72
B1;15.12.2018;Royal Antwerp FC;Waasland-Beveren;0;2;A;0;0;D;13;4;3;3;10;21;13;6;4;4;0;0;Oca.36;5;7.May;Oca.35;5;Eyl.75;Oca.35;Nis.75;8.Oca;Oca.35;5.Kas;Eyl.61;Oca.32;4.Aðu;9.May;Oca.33;5;9;34;Oca.39;Oca.34;5.Kas;Nis.86;Eyl.75;Aðu.65;33;Oca.74;Oca.69;2.Þub;Þub.13;21;-1.5;Þub.13;2.May;Oca.85;Oca.78;Oca.45;Nis.15;9.Mar
B1;15.12.2018;KAS Eupen;Royal Excel Mouscron;1;0;H;0;0;D;6;10;6;3;16;21;4;1;1;4;0;0;2.Nis;3.May;3.Nis;2.May;3.Tem;3.Haz;2;Mar.45;3.Nis;2.Tem;Mar.56;Mar.64;2.May;3.Nis;3.May;2.May;3.May;3.May;35;2.Kas;2.Mar;3.Tem;Mar.48;Mar.85;Mar.51;33;Oca.81;Oca.76;Þub.13;2.Mar;19;-0.5;2.Ara;2.Nis;Oca.85;1.Aðu;2;Mar.44;Nis.13
B1;15.12.2018;KV Kortrijk;Club Brugge KV;0;0;D;0;0;D;8;10;3;7;14;18;6;5;5;3;0;0;3.Mar;4;2;3.Haz;3.Haz;2.May;Mar.35;Mar.55;2;Mar.56;Mar.58;2.Eyl;3.Nis;3.Haz;2;3.Nis;3.Aðu;2;35;3.Aðu;Mar.45;4;Mar.59;2.Eyl;2.Þub;30;Oca.64;1.Haz;Þub.34;Þub.28;19;0.5;Oca.86;Oca.81;2.Aðu;2.Mar;Nis.33;Mar.85;Oca.84
B1;15.12.2018;Sporting Lokeren;Sint-Truidense VV;2;0;H;1;0;H;9;8;5;6;16;7;4;7;2;1;0;0;3.Haz;3.May;2;3.Tem;3.Tem;2;3.Nis;3.May;2;Mar.59;3.Tem;2.Nis;3.May;3.May;2;3.Nis;3.May;2.Oca;34;3.Tem;Mar.48;3.Tem;Mar.54;2.Oca;2.Mar;33;Oca.78;Oca.74;Þub.19;2.May;19;0.5;Oca.85;Oca.79;2.Kas;2.Nis;Mar.82;4.Oca;Oca.92
B1;16.12.2018;KSV Cercle Brugge;RSC Anderlecht;2;1;H;1;1;D;14;4;7;1;19;17;11;2;4;4;1;0;3.Aðu;3.Aðu;Oca.85;4;3.Eyl;Oca.87;Mar.85;3.Aðu;1.Aðu;Mar.94;Nis.13;Oca.83;4;3.Eyl;Oca.78;4.Oca;3.Aðu;1.Aðu;35;4.Oca;Mar.87;Nis.13;Mar.85;Oca.92;Oca.82;32;Oca.73;Oca.68;Þub.25;Þub.14;18;0.75;Oca.83;Oca.77;Þub.13;2.Haz;Nis.27;4.Oca;Oca.81
B1;16.12.2018;KRC Genk;KV Oostende;2;0;H;1;0;H;22;3;10;2;6;12;13;3;0;2;0;0;1.Þub;6.May;13;1.Þub;Tem.25;14;1.Þub;6.Mar;11.May;Oca.21;6.Tem;Ara.71;1.Þub;6.May;12;1.Þub;6.May;13;35;Oca.24;1.Þub;7.May;Haz.49;14;12.Nis;28;Oca.41;Oca.39;3;Þub.84;20;-2;2.Eyl;2;1.Eyl;Oca.82;Oca.18;Tem.65;14.68
B1;16.12.2018;Standard de Liège;SV Zulte-Waregem;4;1;H;2;0;H;11;6;9;3;12;10;8;1;1;5;0;1;Oca.85;4;3.Haz;Oca.85;4;4;Oca.83;Mar.75;Mar.75;Oca.88;Mar.89;Mar.98;Oca.83;Mar.75;3.Eyl;Oca.83;3.Eyl;3.Eyl;35;Oca.89;Oca.84;4;Mar.78;4;Mar.84;30;Oca.63;1.Haz;Þub.34;Þub.28;17;-0.75;Þub.16;2.Aðu;Oca.82;Oca.75;Oca.57;Nis.88;5.Kas
B1;21.12.2018;KAA Gent;KSV Cercle Brugge;4;1;H;2;0;H;17;13;9;4;8;13;5;4;0;3;0;0;Oca.33;May.25;8;Oca.36;5.May;8;Oca.35;5;7.Þub;Oca.36;May.44;8.Aðu;Oca.33;May.25;7.May;Oca.33;May.25;8;36;1.Nis;Oca.36;May.55;May.13;8.Aðu;Tem.66;34;1.May;Oca.46;Þub.75;2.Haz;23;-1.5;2.Aðu;2;Oca.92;Oca.83;Oca.39;May.18;Tem.75
B1;22.12.2018;Royal Excel Mouscron;RSC Anderlecht;3;1;H;2;0;H;13;7;7;4;17;13;4;3;3;3;0;0;Nis.33;3.Aðu;Oca.75;4.Haz;3.Haz;1.Aðu;4.Þub;Mar.55;Oca.77;Nis.72;Mar.48;Oca.85;4.May;3.Haz;Oca.75;4.Þub;Mar.75;1.Aðu;34;Nis.72;Nis.39;3.Aðu;Mar.55;Oca.86;1.Aðu;32;Oca.81;Oca.74;Þub.19;2.Haz;19;0.75;Oca.86;1.Aðu;2.Oca;2.Mar;Nis.13;3.May;Oca.98
B1;22.12.2018;Sint-Truidense VV;KV Kortrijk;0;0;D;0;0;D;10;7;2;6;12;16;3;3;1;1;0;0;1.Eyl;3.Haz;Mar.75;Oca.91;3.Tem;3.Eyl;1.Eyl;Mar.55;Mar.65;Oca.98;Mar.67;Mar.81;Oca.91;3.Haz;3.Tem;Oca.95;3.Haz;3.Tem;35;2.Mar;Oca.94;3.Tem;Mar.57;3.Eyl;Mar.71;33;Oca.85;Oca.76;Þub.14;2.Þub;19;-0.5;2;Oca.94;Oca.95;Oca.88;Þub.16;Mar.79;Mar.28
B1;22.12.2018;Standard de Liège;KV Oostende;3;1;H;3;0;H;10;9;6;4;10;15;9;8;2;1;0;0;Oca.36;5;7.May;1.Nis;5;7.May;Oca.38;4.Aðu;6.Aðu;1.Nis;5.Kas;7.Tem;Oca.36;4.Aðu;8;Oca.36;5;8;35;Oca.44;Oca.38;5.Þub;Nis.92;8;7.Oca;32;1.Haz;Oca.57;Þub.51;Þub.34;21;-1.5;Þub.17;2.Aðu;Oca.81;Oca.76;Oca.37;May.45;Tem.66
B1;22.12.2018;Waasland-Beveren;Sporting Lokeren;2;1;H;1;0;H;8;6;5;4;15;16;5;5;1;1;0;0;2;3.Nis;Mar.75;2.Oca;3.Haz;3.Nis;2.Oca;3.Nis;3.Þub;Þub.19;Mar.55;Mar.34;2.Oca;3.Nis;3.Mar;2.Oca;3.May;3.Nis;34;2.Þub;2.Ara;3.Haz;Mar.46;Mar.75;Mar.29;32;Oca.88;Oca.81;2.Nis;Oca.98;18;-0.25;Oca.94;Oca.84;2.Aðu;2;Þub.31;Mar.49;Mar.19
B1;23.12.2018;Club Brugge KV;Royal Antwerp FC;5;1;H;2;0;H;8;6;6;2;;;3;2;1;5;0;0;Oca.61;4;5;Oca.67;4.Oca;Nis.75;1.Haz;4;4.Aðu;Oca.64;Nis.24;5.Tem;Oca.62;4;5;Oca.62;4;5;34;Oca.73;Oca.63;Nis.24;4.Haz;5.Tem;Nis.87;31;Oca.72;Oca.66;Þub.26;Þub.17;19;-1;Þub.14;2.Tem;Oca.82;Oca.77;Oca.65;Mar.88;May.81
B1;23.12.2018;KAS Eupen;KRC Genk;0;2;A;0;2;A;9;8;3;4;;;7;7;1;1;0;0;6.May;5;1.Nis;7;May.25;1.Nis;6.Nis;4.Tem;Oca.41;Haz.85;Nis.93;Oca.43;7;Nis.75;1.Nis;7;5;1.Nis;35;7;Haz.68;May.25;Nis.82;Oca.52;Oca.41;32;Oca.57;Oca.52;Þub.55;Þub.45;21;1.May;Oca.77;Oca.72;Þub.22;2.Ara;6.May;5.Þub;Oca.48
B1;23.12.2018;SV Zulte-Waregem;Sporting de Charleroi;3;1;H;2;1;H;15;9;5;7;16;19;5;3;1;1;0;0;Þub.45;3.May;2.Tem;2.May;3.May;Þub.75;Þub.45;3.Mar;Þub.65;2.Haz;3.Nis;2.Aðu;2.May;3.Mar;2.Tem;Þub.45;3.May;Þub.75;35;Þub.65;Þub.49;3.May;Mar.37;Þub.82;Þub.72;33;Oca.79;Oca.73;Þub.19;2.Tem;19;0;Oca.88;Oca.83;2.Tem;2;Þub.78;Mar.51;Þub.59
B1;26.12.2018;Royal Antwerp FC;Royal Excel Mouscron;2;1;H;1;0;H;8;9;8;3;17;10;6;5;4;4;0;0;1.May;Nis.33;6;1.May;4.Þub;6;Oca.53;4.May;5.Tem;Oca.54;4.Oca;Haz.46;1.May;4.Þub;6;Oca.53;4.Oca;6;36;Oca.57;Oca.53;Nis.35;4.Kas;6.May;May.94;33;Oca.86;Oca.79;2.Oca;2.Oca;21;-1;Oca.98;Oca.92;Oca.95;1.Eyl;1.Tem;Mar.63;May.73
B1;26.12.2018;KSV Cercle Brugge;KAS Eupen;0;1;A;0;1;A;7;8;4;2;30;19;1;0;4;3;0;0;Þub.25;3.May;3;Þub.25;3.May;Þub.95;Þub.25;3.Nis;2.Eyl;Þub.35;3.Haz;Þub.99;2.Mar;3.Nis;2.Eyl;Þub.38;3.May;2.Aðu;37;Þub.38;2.Mar;3.Tem;Mar.49;3.May;Þub.93;35;Oca.81;Oca.74;Þub.15;2.Haz;20;-0.25;2.Eyl;2.Þub;Oca.85;Oca.82;Þub.29;Mar.53;Mar.22
B1;26.12.2018;Sporting de Charleroi;Standard de Liège;0;1;A;0;1;A;14;6;4;4;13;21;2;9;6;7;0;0;Þub.62;3.Nis;Þub.54;2.Haz;3.Þub;Þub.65;2.Tem;Mar.15;Þub.55;Þub.85;Mar.13;Þub.74;2.Tem;3.Þub;2.Haz;2.Tem;3.Mar;2.Haz;37;Þub.85;Þub.71;3.Nis;Mar.18;Þub.75;Þub.64;34;Oca.96;1.Eyl;Oca.96;Oca.89;20;0;2.Oca;Oca.95;Oca.92;Oca.88;Þub.94;Mar.29;Þub.59
B1;26.12.2018;KRC Genk;KAA Gent;3;1;H;1;1;D;17;10;9;4;9;15;2;5;0;2;0;1;Oca.57;4;5.May;Oca.57;4;5.May;1.Haz;4;4.Eyl;Oca.61;Nis.26;May.28;Oca.57;4.Þub;5;1.Haz;4.Þub;5.Þub;37;Oca.65;1.Haz;Nis.35;Nis.13;5.May;5.Oca;33;Oca.65;1.Haz;Þub.41;Þub.29;23;-1;2.Tem;2.Oca;Oca.87;Oca.82;1.Haz;Nis.57;May.15
B1;26.12.2018;KV Kortrijk;SV Zulte-Waregem;4;2;H;0;1;A;11;10;8;6;14;21;6;6;3;2;0;0;2;3.Haz;3.May;2;3.Haz;3.Nis;2.May;Mar.55;Mar.25;2.Eyl;Mar.65;3.May;2;3.Haz;3.Nis;2;3.Aðu;3.Nis;37;2.Oca;2.Mar;3.Aðu;Mar.65;Mar.65;Mar.38;33;Oca.65;Oca.61;Þub.38;Þub.27;20;-0.5;2.Oca;2.Nis;Oca.87;1.Aðu;Þub.35;Mar.55;3.Eyl
B1;26.12.2018;KV Oostende;Sint-Truidense VV;1;1;D;1;1;D;10;3;5;3;19;9;3;4;3;4;0;0;2.Eyl;3.May;2.Mar;2.Aðu;3.May;Þub.35;2.Aðu;Mar.45;2.Mar;Þub.92;Mar.59;2.Nis;2.Aðu;3.May;Þub.35;2.Aðu;3.May;Þub.38;37;Þub.92;Þub.83;Mar.65;Mar.49;Þub.43;Þub.35;34;Oca.81;Oca.73;Þub.16;2.Aðu;20;0.25;Oca.83;Oca.79;2.Kas;2.May;Þub.78;Mar.71;Þub.49
B1;27.12.2018;RSC Anderlecht;Waasland-Beveren;3;0;H;1;0;H;15;7;7;5;14;11;2;3;2;2;0;0;Oca.33;5;8.May;Oca.33;5;Aðu.25;Oca.33;5;7.Tem;Oca.33;May.41;Aðu.58;Oca.33;5;8.May;Oca.33;5.Þub;8;35;Oca.38;Oca.34;5.Aðu;May.17;9;Aðu.13;32;Oca.55;Oca.49;Þub.62;Þub.53;22;-1.5;2.Haz;Oca.97;1.Eyl;Oca.85;Oca.42;Nis.74;Tem.93
B1;27.12.2018;Sporting Lokeren;Club Brugge KV;0;1;A;0;0;D;8;8;3;6;18;15;4;5;2;1;0;0;7;Nis.75;1.Nis;7;Nis.75;1.Nis;6.Haz;Nis.65;1.Nis;Haz.89;Nis.93;Oca.43;7.May;Nis.75;Oca.38;7.May;4.Aðu;1.Nis;36;7.Tem;Haz.89;5;Nis.79;Oca.45;Oca.41;33;1.Haz;Oca.55;2.May;Þub.39;21;1.May;Oca.77;Oca.72;Þub.25;Þub.14;Haz.94;Nis.73;Oca.46
B1;18.01.2019;Sint-Truidense VV;KRC Genk;2;3;A;1;1;D;7;11;5;8;19;25;2;5;1;4;0;0;6;4.May;Oca.45;6;Nis.75;1.May;5.Aðu;4.May;Oca.46;6.Kas;Nis.74;1.May;6;4.May;Oca.44;Haz.25;Nis.75;Oca.45;37;Haz.25;May.96;4.Aðu;Nis.61;Oca.53;Oca.48;33;Oca.57;Oca.53;Þub.56;Þub.44;23;1;Þub.16;2.Eyl;Oca.81;Oca.75;7.Þub;May.65;Oca.38
B1;19.01.2019;KAS Eupen;Sporting Lokeren;4;1;H;2;0;H;14;7;11;4;10;12;7;8;1;1;0;0;Oca.85;3.Aðu;3.Aðu;1.Eyl;Mar.75;3.Eyl;Oca.87;3.May;Mar.85;Oca.93;Mar.55;Nis.18;Oca.85;3.Nis;4.Þub;Oca.87;3.Haz;4;36;Oca.94;Oca.89;3.Aðu;Mar.53;4.Þub;Mar.97;34;Oca.94;Oca.85;2;Oca.93;20;-0.75;Þub.26;Þub.17;Oca.75;Oca.69;1.Eyl;Mar.79;4.Oca
B1;19.01.2019;Standard de Liège;KV Kortrijk;2;1;H;0;1;A;19;8;8;4;21;15;10;3;2;3;0;0;Oca.45;4.May;6.May;1.May;4.May;Haz.25;Oca.48;Nis.45;5.May;1.May;4.Eyl;May.63;Oca.44;4.Haz;6;1.May;4.Nis;6;36;Oca.54;Oca.49;4.Eyl;Nis.56;6.May;May.77;33;1.Haz;Oca.55;Þub.59;2.Nis;23;-1;Oca.86;1.Aðu;2.Oca;2.Mar;Oca.53;Nis.65;May.79
B1;19.01.2019;Waasland-Beveren;KSV Cercle Brugge;1;1;D;0;0;D;11;16;3;10;15;20;4;5;0;1;1;0;2.Nis;3.Nis;2.Aðu;2.Nis;3.May;2.Eyl;Þub.35;3.Mar;2.Aðu;Þub.46;Mar.49;2.Eyl;2.Nis;3.Nis;2.Aðu;2.May;3.Nis;Þub.75;35;2.May;Þub.42;3.May;3.Nis;2.Eyl;Þub.83;33;Oca.88;Oca.82;2.Mar;Oca.96;19;-0.25;2.Þub;2.Ara;1.Aðu;Oca.74;Þub.57;Mar.35;Þub.92
B1;19.01.2019;SV Zulte-Waregem;Royal Antwerp FC;1;2;A;0;1;A;11;7;3;7;15;23;10;4;0;3;0;0;Þub.62;3.Nis;2.Haz;2.Haz;3.May;2.Haz;2.May;3.Nis;2.Haz;Þub.63;Mar.53;Þub.67;Þub.55;3.Nis;2.Haz;Þub.55;3.May;Þub.63;34;Þub.66;Þub.58;Mar.55;Mar.44;2.Tem;Þub.62;33;Oca.78;Oca.72;Þub.16;2.Eyl;20;0;Oca.94;Oca.89;2.Oca;Oca.93;2.Haz;Mar.31;2.Eyl
B1;20.01.2019;Club Brugge KV;Sporting de Charleroi;0;1;A;0;1;A;8;6;4;3;20;21;4;6;4;2;0;0;1.May;Nis.33;6;1.May;4.Nis;Haz.25;Oca.48;4.Mar;5.Tem;1.May;Nis.55;Haz.16;Oca.44;4.Nis;6.May;1.May;4.Nis;6;36;Oca.53;Oca.49;4.Haz;Nis.39;6.May;May.98;34;Oca.65;1.Haz;Þub.45;Þub.28;22;-1;Oca.85;Oca.82;2.Eyl;2.Oca;1.May;Nis.17;Tem.54
B1;20.01.2019;KAA Gent;RSC Anderlecht;1;0;H;0;0;D;12;8;5;4;21;16;6;6;2;4;0;1;2.May;3.May;3.Nis;2.May;3.Haz;3.May;2;3.Haz;Mar.35;2.May;Mar.82;Mar.46;2.May;3.Haz;3.Mar;2.Oca;3.Haz;3.Mar;36;2.Ara;2.Nis;Mar.82;Mar.64;3.May;Mar.37;35;Oca.75;Oca.69;Þub.29;Þub.14;20;-0.5;Þub.13;2.Nis;Oca.85;Oca.78;2.Haz;Mar.71;3.Haz
B1;20.01.2019;Royal Excel Mouscron;KV Oostende;2;1;H;1;1;D;15;10;5;5;16;19;7;3;4;1;0;0;2;3.May;3.Haz;2.Oca;3.May;3.May;2.May;3.Nis;Mar.35;Þub.13;Mar.58;Mar.47;2.May;3.Nis;3.Nis;2.May;3.May;3.May;35;Þub.15;2.Eyl;Mar.58;Mar.45;3.Haz;3.Nis;33;Oca.92;Oca.85;Oca.99;Oca.93;18;-0.25;Oca.87;Oca.81;2.Ara;2.Nis;Þub.13;Mar.58;Mar.53
B1;25.01.2019;Royal Antwerp FC;Standard de Liège;1;1;D;0;0;D;8;12;4;3;16;23;1;3;4;3;1;0;2.Tem;Mar.25;2.Haz;2.Tem;3.Mar;2.Tem;Þub.65;3.Þub;Þub.55;Þub.71;Mar.34;Þub.76;2.Haz;Mar.25;Þub.62;Þub.63;3.Nis;2.Haz;37;Þub.79;Þub.68;3.Nis;Mar.28;Þub.77;Þub.63;35;Oca.98;Oca.93;Oca.93;Oca.86;21;0;Oca.99;Oca.92;Oca.99;1.Eyl;Þub.73;3.Þub;Þub.84
B1;26.01.2019;KSV Cercle Brugge;Sint-Truidense VV;1;2;A;1;1;D;6;8;2;7;19;17;5;7;4;1;0;0;2.May;3.Haz;2.Haz;2.Haz;3.Haz;2.Haz;Þub.55;3.Nis;Þub.55;Þub.59;Mar.64;Þub.66;Þub.45;3.May;Þub.62;Þub.55;3.May;Þub.63;35;2.Tem;Þub.55;Mar.64;Mar.48;Þub.75;Þub.61;34;Oca.81;Oca.74;Þub.14;2.Haz;20;-0.25;2.Mar;2.Þub;Oca.74;Oca.68;Þub.27;Mar.73;3.Eyl
B1;26.01.2019;Sporting de Charleroi;Waasland-Beveren;2;2;D;1;2;A;19;5;10;2;14;20;9;0;2;4;1;0;Oca.36;Nis.75;8;Oca.42;5;7;Oca.36;Nis.65;7.Haz;Oca.37;5.Aðu;8.Kas;Oca.35;4.Aðu;8;Oca.36;4.Aðu;8.May;35;Oca.42;Oca.38;5.Oca;Nis.77;8.May;Tem.71;34;1.Aðu;Oca.75;Þub.19;2.May;22;-1.5;Þub.25;Þub.13;1.Aðu;Oca.72;Oca.56;4.Mar;Haz.74
B1;26.01.2019;KRC Genk;Royal Excel Mouscron;1;2;A;0;1;A;8;9;2;3;11;22;12;3;1;6;0;0;Oca.14;8;15;Oca.18;7.May;14.May;1.Þub;6.May;12;Oca.18;Tem.17;15.21;Oca.17;7;15;Oca.17;7.May;15;35;Oca.23;Oca.18;8;7.Kas;16;13.94;34;Oca.41;Oca.38;3;Þub.92;23;-2;Oca.96;Oca.89;2.Þub;Oca.93;1.Þub;Tem.33;13.48
B1;26.01.2019;Sporting Lokeren;SV Zulte-Waregem;0;3;A;0;2;A;6;8;4;6;17;18;1;3;3;3;0;0;2.Aðu;3.Haz;2.Mar;Þub.95;3.Haz;2.Mar;Þub.95;3.Nis;Þub.25;3;3.May;Þub.39;2.Eyl;3.Nis;2.Mar;2.Eyl;3.Haz;2.Mar;35;Mar.15;Þub.93;3.Haz;Mar.46;Þub.39;2.Mar;33;Oca.79;Oca.73;Þub.19;2.Tem;20;0.25;Oca.88;Oca.82;2.Tem;2;Þub.98;Mar.64;Þub.37
B1;27.01.2019;RSC Anderlecht;KAS Eupen;2;1;H;0;1;A;16;3;10;2;19;12;4;5;1;1;0;0;Oca.44;4.May;6.May;Oca.45;Nis.75;Haz.75;Oca.45;Nis.35;6.Þub;Oca.48;Nis.53;Haz.62;Oca.44;Nis.33;7;Oca.45;4.May;6.May;35;Oca.52;Oca.46;Nis.75;4.Nis;7;Haz.42;32;Oca.71;Oca.67;Þub.26;Þub.16;21;-1;Oca.83;Oca.78;Þub.15;2.Haz;Oca.63;Mar.86;6.Oca
B1;27.01.2019;KV Kortrijk;KAA Gent;1;2;A;1;1;D;9;10;5;5;18;19;11;2;3;2;0;0;3;Mar.75;Þub.15;2.Eyl;3.Tem;2.Mar;Þub.85;Mar.55;Þub.25;2.Eyl;Mar.85;Þub.31;Þub.88;3.Tem;2.Þub;3;3.Tem;2.Þub;35;Mar.15;Þub.89;Mar.85;Mar.65;Þub.33;Þub.25;32;Oca.66;Oca.61;Þub.34;Þub.27;20;0.25;Oca.93;Oca.85;2.Eyl;Oca.97;Þub.63;Mar.67;Þub.64
B1;27.01.2019;KV Oostende;Club Brugge KV;1;2;A;1;0;H;4;14;2;6;22;24;3;7;3;5;0;1;6;Nis.33;1.May;6;Nis.25;Oca.55;5.May;4.Þub;1.May;May.86;Nis.44;Oca.54;6;4.Þub;1.May;6;Nis.33;1.May;35;Haz.25;May.74;4.Haz;Nis.27;Oca.56;Oca.52;32;Oca.66;Oca.63;Þub.41;Þub.23;23;1;2.May;Oca.95;Oca.94;Oca.87;Haz.33;Nis.53;Oca.51
B1;1.02.2019;Royal Excel Mouscron;Sporting de Charleroi;3;0;H;1;0;H;12;7;7;5;19;17;6;2;1;2;0;0;2.May;3.Mar;Þub.75;Þub.65;3.Nis;Þub.75;2.May;Mar.15;2.Tem;Þub.56;Mar.33;Þub.94;Þub.45;3.Þub;Þub.88;2.May;3.Mar;2.Aðu;31;2.Tem;Þub.54;3.Nis;Mar.23;Þub.94;Þub.78;33;2.Kas;2.Oca;Oca.83;Oca.77;20;0;1.Eyl;Oca.82;2.Eyl;2;Þub.55;Mar.47;Þub.85
B1;2.02.2019;KV Kortrijk;Sporting Lokeren;2;1;H;1;0;H;11;5;5;3;21;19;10;4;2;1;0;0;Oca.57;4.Þub;May.25;Oca.65;4.Oca;May.25;1.Haz;4.May;Nis.95;Oca.62;Nis.18;May.28;1.Haz;4;May.25;1.Haz;4.Oca;May.25;33;Oca.65;Oca.61;Nis.25;4.Eyl;5.Mar;5.Tem;30;1.Tem;Oca.66;Þub.25;Þub.17;22;-1;2.Kas;2.Nis;Oca.85;Oca.79;Oca.83;3.Haz;4.Aðu
B1;2.02.2019;KV Oostende;Royal Antwerp FC;0;2;A;0;1;A;8;18;4;7;16;22;5;5;3;4;0;0;3.Aðu;3.Haz;1.Eyl;3.Eyl;3.Tem;Oca.95;Mar.75;3.May;1.Eyl;Mar.83;Mar.72;Oca.96;3.Tem;3.Haz;Oca.91;3.Aðu;3.Haz;Oca.93;34;Mar.91;Mar.74;Mar.75;Mar.57;Oca.98;Oca.93;31;Oca.96;Oca.87;Oca.95;Oca.91;19;0.25;Þub.28;Þub.18;Oca.72;Oca.68;Mar.49;Mar.48;Þub.19
B1;2.02.2019;Waasland-Beveren;KRC Genk;1;2;A;1;0;H;8;18;5;9;17;13;2;11;4;1;0;0;10;6;Oca.25;10;6;1.Mar;8.Nis;5.Nis;Oca.28;Eyl.23;May.67;1.Mar;10;5.May;Oca.27;10;May.75;Oca.29;33;10.May;Eyl.21;6;May.57;Oca.33;Oca.29;30;1.May;Oca.45;Þub.75;Þub.66;22;1.May;2.Kas;2;Oca.87;Oca.81;Eyl.64;May.86;1.Mar
B1;2.02.2019;SV Zulte-Waregem;KSV Cercle Brugge;3;2;H;2;1;H;7;15;5;10;11;20;4;4;0;4;0;1;1.Aðu;4;3.Aðu;Oca.78;4.Oca;Nis.25;Oca.75;3.Eyl;Mar.95;Oca.79;Nis.15;Nis.13;Oca.75;4;4;Oca.75;4;4.Oca;34;Oca.85;Oca.77;Nis.15;Mar.97;Nis.25;4.Þub;31;Oca.57;Oca.54;Þub.55;Þub.42;20;-1;Þub.43;Þub.35;Oca.65;Oca.59;Oca.68;Nis.52;Nis.54
B1;3.02.2019;Club Brugge KV;KAA Gent;1;1;D;0;1;A;14;8;9;4;19;21;10;9;3;5;1;1;Oca.75;Mar.75;4.May;Oca.75;4;4.May;Oca.73;Mar.85;4.Oca;Oca.74;Nis.17;Nis.38;1.Tem;4;Nis.33;Oca.73;4;Nis.33;33;Oca.82;Oca.74;Nis.17;Mar.95;4.May;Nis.27;31;1.Haz;Oca.57;Þub.45;Þub.35;20;-1;Þub.37;Þub.28;Oca.66;Oca.62;Oca.79;Mar.93;Nis.53
B1;3.02.2019;Sint-Truidense VV;KAS Eupen;4;1;H;2;1;H;14;9;5;3;12;20;4;9;2;3;0;0;2;3.Haz;3.May;2.May;3.Haz;3.Tem;Oca.97;3.May;Mar.45;2.Nis;Mar.69;Mar.59;2;3.May;3.May;2;3.Haz;3.May;33;2.Aðu;2.Oca;3.Tem;Mar.57;3.Tem;Mar.51;31;Oca.82;Oca.76;2.Oca;2.Þub;19;-0.5;2.May;Oca.99;Oca.88;Oca.83;Oca.99;Mar.77;Mar.77
B1;3.02.2019;Standard de Liège;RSC Anderlecht;2;1;H;1;1;D;13;6;8;5;21;21;1;2;4;2;0;0;1.Eyl;3.Aðu;Mar.75;Oca.95;3.Tem;3.Eyl;Oca.93;3.May;3.Haz;Oca.99;Mar.56;Mar.92;Oca.95;3.Nis;Mar.75;Oca.95;3.Haz;3.Tem;33;2.Mar;Oca.95;3.Aðu;Mar.54;4;Mar.72;31;Oca.85;Oca.78;2.Aðu;2.Oca;19;-0.5;2.Nis;Oca.95;Oca.95;Oca.86;2.Mar;Mar.44;Mar.26
B1;8.02.2019;KRC Genk;Standard de Liège;2;0;H;0;0;D;18;9;11;1;13;12;5;3;1;3;0;0;Oca.57;4.Þub;May.25;Oca.65;4.Þub;5;1.Haz;4.Oca;Nis.85;Oca.65;Nis.19;May.19;1.Haz;4.Þub;5;Oca.62;4.Mar;4.Aðu;35;Oca.67;Oca.61;Nis.35;Nis.17;5.May;5.Þub;32;1.Haz;Oca.55;Þub.55;Þub.41;23;-1;2.Kas;2.Mar;Oca.87;Oca.79;Oca.63;Nis.32;May.26
B1;9.02.2019;Sporting de Charleroi;KV Oostende;1;1;D;0;0;D;20;7;7;4;15;24;10;1;1;4;0;0;Oca.65;Nis.33;4.May;Oca.67;4;5;Oca.67;3.Aðu;Nis.65;Oca.74;Mar.97;Nis.64;Oca.67;3.Aðu;4.Aðu;Oca.67;3.Eyl;5;34;Oca.77;Oca.69;Nis.33;Mar.88;5;Nis.66;32;Oca.85;Oca.79;2.May;2;21;-1;Þub.33;Þub.22;1.Tem;Oca.66;Oca.72;Mar.94;Nis.98
B1;9.02.2019;KAS Eupen;KV Kortrijk;0;1;A;0;1;A;7;7;2;4;10;17;6;7;1;1;0;0;2.Nis;3.May;2.Aðu;Þub.45;3.Mar;Þub.95;Þub.35;3.Mar;2.Aðu;Þub.45;Mar.55;Þub.88;2.Nis;3.Mar;Þub.88;Þub.45;3.Nis;2.Aðu;35;Þub.51;Þub.42;Mar.55;Mar.37;Þub.95;Þub.84;33;Oca.86;1.Aðu;2.May;Oca.98;20;0;Oca.83;Oca.77;2.Ara;2.Haz;Þub.31;Mar.43;Mar.26
B1;9.02.2019;Sporting Lokeren;Royal Antwerp FC;2;1;H;1;0;H;10;14;7;8;12;21;3;7;3;0;0;0;4.May;Mar.75;Oca.72;4.Haz;3.Eyl;Oca.75;4.Nis;3.Tem;Oca.73;Nis.52;3.Eyl;Oca.77;4.May;Mar.75;Oca.73;4.May;Mar.75;Oca.75;33;4.Haz;Nis.47;4;Mar.78;Oca.78;Oca.74;31;1.Eyl;Oca.84;2.Nis;Oca.95;18;0.75;1.Eyl;Oca.85;2.Nis;Oca.97;May.15;Nis.23;Oca.65
B1;9.02.2019;Sint-Truidense VV;Waasland-Beveren;2;1;H;1;1;D;13;4;6;3;17;14;7;5;0;2;0;0;Oca.55;4;May.75;Oca.65;4;May.25;Oca.63;Mar.85;4.Eyl;Oca.63;Nis.31;5.Mar;Oca.57;4.Þub;May.25;1.Haz;4;5.Nis;34;Oca.66;Oca.62;Nis.31;4.Mar;May.75;5.Oca;32;Oca.85;Oca.77;2.Kas;2.Mar;22;-1;Þub.16;2.Aðu;1.Aðu;Oca.75;Oca.53;4.Tem;May.73
B1;10.02.2019;RSC Anderlecht;SV Zulte-Waregem;0;0;D;0;0;D;9;6;4;3;14;21;6;6;1;2;0;0;1.Haz;4.Þub;May.25;Oca.65;4.Þub;Nis.75;Oca.63;4;Nis.55;Oca.67;4.Þub;Nis.84;Oca.62;4;5;Oca.62;4.Þub;5;34;1.Tem;Oca.64;Nis.25;4.Haz;May.25;Nis.74;32;1.Haz;Oca.55;2.May;2.Nis;20;-1;Þub.16;2.Eyl;1.Aðu;Oca.74;Oca.56;4.May;May.64
B1;10.02.2019;KSV Cercle Brugge;Club Brugge KV;2;2;D;1;2;A;3;12;2;7;21;17;2;10;4;4;1;0;May.75;Nis.75;Oca.45;May.75;4.May;Oca.53;5.May;4.Nis;1.May;May.53;Nis.77;Oca.52;5.Aðu;4.Haz;Oca.47;6;4.Nis;1.May;34;6;May.64;Nis.85;Nis.53;Oca.54;1.May;32;1.Haz;Oca.55;Þub.51;Þub.38;22;1;2.Haz;2.Oca;Oca.86;Oca.81;May.87;May.54;Oca.45
B1;10.02.2019;KAA Gent;Royal Excel Mouscron;1;2;A;0;1;A;11;12;10;5;15;25;9;4;0;5;0;1;1.May;Nis.33;6;Oca.57;4;6;Oca.57;3.Eyl;5.Mar;Oca.61;Mar.75;Haz.36;Oca.55;3.Eyl;6;1.Haz;4.Oca;May.25;34;Oca.63;Oca.57;Nis.33;Mar.93;6.May;May.78;33;Oca.77;Oca.72;Þub.25;2.Eyl;21;-1;2.Eyl;2.Oca;Oca.89;Oca.81;Oca.46;Nis.58;7.Nis
B1;15.02.2019;Standard de Liège;Sporting Lokeren;3;1;H;2;0;H;14;13;13;9;10;8;9;5;0;0;0;0;Oca.36;5;7.May;Oca.34;May.25;9.May;Oca.33;4.Eyl;7.Eyl;Oca.32;May.34;Eki.41;1.Mar;5;9.May;Oca.33;5.Þub;8.May;32;Oca.38;Oca.32;5.Tem;May.17;11;Aðu.94;29;Oca.62;Oca.57;2.May;Þub.34;19;-1.5;2.Nis;Oca.95;Oca.92;Oca.85;Oca.34;5;10.Nis
B1;16.02.2019;KV Kortrijk;Sporting de Charleroi;1;2;A;0;0;D;9;8;5;7;20;17;7;1;6;2;0;0;2.Þub;3.Mar;Mar.25;Þub.25;3.Mar;3.Mar;Þub.15;3.Mar;Mar.15;Þub.21;Mar.55;3.Mar;Þub.15;3.Nis;3.Þub;2.Þub;3.Nis;3.Þub;31;Þub.25;2.Þub;Mar.55;Mar.37;Mar.33;3.Þub;29;Oca.96;Oca.88;Oca.95;Oca.88;15;-0.25;Oca.96;1.Eyl;Oca.97;Oca.91;Þub.38;Mar.53;3.May
B1;16.02.2019;KV Oostende;KAS Eupen;1;1;D;1;0;H;12;9;7;4;27;18;4;5;2;2;0;1;2.Mar;3.Nis;3;2.Nis;3.Mar;3;2.Mar;Mar.35;2.Eyl;Þub.39;Mar.49;3.Þub;2.Mar;3.Nis;2.Eyl;Þub.38;3.Nis;Þub.88;31;2.Nis;Þub.34;Mar.51;Mar.37;3.Þub;Þub.92;29;Oca.94;Oca.86;2;Oca.91;15;-0.25;2.Ara;2.Mar;Oca.85;Oca.79;Þub.57;Mar.43;Þub.86
B1;16.02.2019;Waasland-Beveren;KAA Gent;2;1;H;1;0;H;9;17;3;11;18;26;2;6;5;3;1;0;May.25;4;1.Haz;May.25;4.Oca;Oca.62;4.Eyl;3.Eyl;1.Haz;Nis.94;Nis.52;Oca.61;5;4.Þub;Oca.57;May.25;4;Oca.62;30;May.25;5;Nis.52;4.Tem;Oca.67;Oca.62;28;1.Eyl;Oca.82;2.Nis;Oca.96;17;1;1.Aðu;Oca.74;Þub.16;2.Oca;May.29;5.Mar;Oca.54
B1;16.02.2019;SV Zulte-Waregem;Sint-Truidense VV;1;1;D;0;0;D;14;7;9;3;18;15;7;5;3;1;0;0;2.May;3.May;3.Nis;2.May;3.Aðu;3.Mar;2.May;Mar.55;Mar.15;Þub.13;Mar.83;Mar.25;2.May;3.Tem;3.Þub;2.Oca;3.Tem;3.Þub;31;Þub.15;2.Aðu;Mar.83;Mar.65;3.Nis;Mar.23;29;1.Tem;Oca.64;Þub.27;Þub.21;15;-0.25;Oca.92;Oca.84;2.Þub;Oca.97;2.Haz;Mar.96;3.Nis
B1;17.02.2019;Royal Antwerp FC;RSC Anderlecht;0;1;A;0;0;D;7;3;2;2;24;20;6;7;4;1;0;0;2.Tem;3.Nis;2.May;Þub.65;3.May;2.Haz;Þub.55;3.Mar;2.Haz;Þub.64;Mar.49;Þub.69;2.May;3.Mar;2.Tem;2.Haz;3.Nis;Þub.63;30;2.Tem;2.Haz;3.May;Mar.33;Þub.72;Þub.64;28;2;Oca.94;1.Eyl;Oca.84;15;0;Oca.95;Oca.89;2;Oca.92;Þub.47;Mar.53;Þub.92
B1;17.02.2019;Club Brugge KV;KRC Genk;3;1;H;2;0;H;8;6;6;6;25;23;5;4;0;0;0;0;Þub.37;3.Nis;Þub.87;2.May;3.Haz;2.Tem;2.Nis;Mar.45;2.Tem;2.May;Mar.61;Þub.78;2.Nis;3.May;2.Tem;2.Nis;3.Haz;Þub.75;31;Þub.51;Þub.44;Mar.61;Mar.48;Þub.87;Þub.72;30;Oca.75;1.Tem;2.Þub;2.Kas;15;0;Oca.85;1.Aðu;2.Aðu;2.Þub;Þub.27;Mar.51;Mar.27
B1;17.02.2019;Royal Excel Mouscron;KSV Cercle Brugge;3;0;H;0;0;D;13;3;6;3;16;17;1;3;2;3;0;0;1.Aðu;Mar.75;4.Þub;Oca.78;3.Tem;4.Haz;Oca.75;3.Tem;Nis.25;Oca.79;4;Nis.31;Oca.75;3.Aðu;4.Þub;Oca.75;Mar.75;4.Nis;31;1.Aðu;Oca.77;4;Mar.74;4.Haz;4.Mar;29;Oca.86;Oca.81;2.May;Oca.97;15;-0.75;2.Aðu;Oca.99;Oca.88;Oca.82;Oca.85;4.Aðu;4.Oca
B1;22.02.2019;KAA Gent;Standard de Liège;2;1;H;2;0;H;14;9;8;5;18;13;3;4;2;5;0;0;Þub.25;3.May;3.Oca;Þub.25;3.Haz;3.Oca;2.Þub;3.May;2.Eyl;Þub.26;Mar.84;3.May;2.Þub;3.Haz;3;Þub.25;3.Haz;3;35;Þub.31;Þub.23;Mar.84;3.Haz;3.Oca;Þub.99;32;Oca.67;Oca.62;Þub.45;Þub.26;19;-0.25;2.Mar;Oca.95;Oca.92;Oca.87;Þub.23;3.Eyl;3.Haz
B1;23.02.2019;KSV Cercle Brugge;KV Oostende;2;2;D;0;0;D;13;13;6;6;15;14;9;1;1;2;0;1;2.Oca;3.May;Mar.25;2.Oca;3.May;3.May;2.May;3.Nis;Mar.35;Þub.14;Mar.43;Mar.57;2.May;3.May;3.Nis;2.Oca;3.May;3.Nis;34;Þub.16;2.Eyl;3.Haz;Mar.43;Mar.57;Mar.41;32;1.Aðu;Oca.75;Þub.13;2.Nis;18;-0.25;Oca.85;Oca.81;2.Aðu;2.Oca;Þub.24;3.May;Mar.34
B1;23.02.2019;KAS Eupen;SV Zulte-Waregem;2;3;A;1;1;D;11;20;5;9;25;15;7;9;3;3;0;1;Þub.45;Mar.75;2.Haz;Þub.55;3.Haz;2.Haz;Þub.45;3.May;2.Haz;Þub.55;Mar.74;Þub.65;Þub.45;3.Haz;2.Haz;2.May;3.Haz;Þub.63;33;Þub.55;2.May;Mar.75;Mar.56;2.Tem;Þub.63;31;1.Tem;Oca.64;2.Mar;2.Þub;18;0;1.Eyl;Oca.85;2.Þub;Oca.97;Þub.29;Mar.86;Þub.97
B1;23.02.2019;Royal Excel Mouscron;Sporting Lokeren;1;0;H;0;0;D;9;6;2;3;16;14;10;2;2;0;0;0;Oca.61;Mar.75;May.75;Oca.67;3.Aðu;May.25;Oca.65;Mar.75;Nis.85;Oca.68;Mar.97;5.Oca;Oca.65;3.Aðu;5;Oca.65;3.Eyl;5;34;Oca.71;Oca.67;Mar.97;Mar.81;May.75;5;32;Oca.87;Oca.79;2.Aðu;2;20;-1;Þub.23;Þub.16;Oca.75;Oca.69;Oca.63;Nis.15;May.49
B1;23.02.2019;Waasland-Beveren;KV Kortrijk;2;6;A;0;2;A;4;13;2;9;19;19;5;4;0;4;0;0;3.Haz;3.May;2;3.May;3.May;2.Oca;Mar.35;3.Nis;2.May;Mar.46;Mar.57;Þub.13;3.Nis;3.May;2.May;3.Nis;3.May;2.Oca;33;3.Haz;Mar.41;3.Haz;Mar.46;Þub.15;2.Eyl;31;Oca.91;Oca.82;2.Haz;Oca.97;17;0.25;2.Tem;2.Oca;Oca.85;Oca.81;4.Nis;Mar.58;Oca.97
B1;24.02.2019;RSC Anderlecht;Club Brugge KV;2;2;D;1;1;D;13;8;9;5;15;16;7;4;1;3;0;0;2.Aðu;3.Nis;2.Nis;Þub.75;3.Haz;Þub.45;Þub.75;3.Mar;Þub.45;Þub.79;Mar.51;Þub.54;Þub.75;3.Nis;2.Nis;Þub.88;3.Nis;2.Nis;33;Þub.88;Þub.77;3.Haz;3.Nis;Þub.57;Þub.46;31;Oca.88;Oca.82;2.Þub;Oca.96;18;0;2.Kas;2.Mar;Oca.85;1.Aðu;3.Ara;Mar.57;Þub.32
B1;24.02.2019;KRC Genk;Royal Antwerp FC;0;0;D;0;0;D;14;7;7;3;15;17;10;2;2;5;0;0;Oca.61;4;5;1.Haz;3.Eyl;May.75;1.Haz;3.Aðu;5.Mar;Oca.67;Mar.68;May.79;1.Haz;3.Aðu;5.May;1.Haz;4;5.Nis;33;Oca.67;Oca.62;4.May;Mar.82;6.Oca;May.42;31;Oca.84;Oca.77;2.Oca;2.Oca;18;-1;Þub.21;2.Kas;Oca.85;Oca.73;Oca.77;Mar.56;5.Mar
B1;24.02.2019;Sint-Truidense VV;Sporting de Charleroi;3;1;H;2;1;H;11;11;6;5;10;23;4;8;0;2;0;0;2.Þub;3.May;3.Oca;Þub.25;3.Nis;3.Þub;Þub.15;3.Mar;Mar.15;Þub.22;Mar.51;Mar.32;Þub.15;3.Nis;3.Þub;2.Þub;3.Nis;3.Þub;33;Þub.36;Þub.22;Mar.51;Mar.37;Mar.32;Mar.17;31;Oca.95;1.Eyl;Oca.95;Oca.87;17;-0.25;Oca.97;Oca.91;Oca.97;Oca.92;Þub.38;Mar.63;Þub.98
B1;1.03.2019;Standard de Liège;Royal Excel Mouscron;1;1;D;0;0;D;11;12;8;7;16;19;7;3;2;3;0;0;Oca.57;4.Þub;May.25;Oca.65;4.Oca;May.25;1.Haz;3.Eyl;Nis.95;Oca.64;4.Mar;May.57;Oca.57;3.Eyl;5.May;1.Haz;4.Oca;May.25;33;Oca.66;Oca.62;4.Þub;Mar.97;May.58;5.Þub;30;Oca.71;Oca.68;Þub.25;Þub.15;19;-1;Þub.18;2.Haz;Oca.85;Oca.78;Oca.58;4.Oca;Haz.43
B1;2.03.2019;Sporting de Charleroi;KRC Genk;1;1;D;0;1;A;9;11;6;4;18;22;4;8;3;1;0;0;Mar.75;3.Haz;1.Eyl;4;3.Aðu;Oca.87;3.Aðu;3.Haz;Oca.85;4.Nis;Mar.77;Oca.89;3.Aðu;3.Haz;Oca.88;3.Aðu;3.Tem;Oca.91;33;4.May;Mar.89;3.Aðu;Mar.66;Oca.96;Oca.89;32;1.Aðu;Oca.73;Þub.16;2.Aðu;19;0.5;2;Oca.93;Oca.97;Oca.89;4.Oca;Mar.79;Oca.92
B1;2.03.2019;Club Brugge KV;Sint-Truidense VV;1;0;H;0;0;D;11;8;7;0;17;19;9;4;2;6;0;0;Oca.33;May.25;8;Oca.34;5.May;Aðu.25;Oca.36;4.Aðu;7.Þub;Oca.36;May.14;Aðu.14;Oca.33;5;8.May;Oca.33;5.Þub;8.May;34;Oca.41;Oca.36;5.May;Nis.99;8.May;Tem.91;31;1.Haz;Oca.54;Þub.55;Þub.41;21;-1.5;2.Tem;2.Oca;Oca.87;Oca.81;Oca.36;May.38;8.Eyl
B1;2.03.2019;KV Kortrijk;KSV Cercle Brugge;2;1;H;0;1;A;14;14;7;3;15;18;8;6;3;2;0;0;1.Haz;4.Þub;5;Oca.62;Nis.33;5;Oca.63;4.May;4.Tem;Oca.65;Nis.41;Nis.76;1.Haz;4.Þub;4.Aðu;Oca.62;4.Þub;5;34;Oca.67;Oca.63;Nis.41;Nis.17;5;Nis.78;31;Oca.65;1.Haz;2.Nis;2.Mar;21;-1;Þub.19;2.Oca;1.Aðu;Oca.74;Oca.66;Nis.39;Nis.84
B1;2.03.2019;KV Oostende;Waasland-Beveren;1;1;D;0;0;D;13;19;7;9;18;9;8;7;3;0;0;0;Oca.75;3.Aðu;Nis.33;Oca.78;3.Eyl;4.Nis;Oca.75;3.Tem;Nis.15;1.Aðu;Mar.95;Nis.28;Oca.75;Mar.75;Nis.33;Oca.75;3.Aðu;Nis.33;33;Oca.82;Oca.78;4;Mar.81;4.Nis;Nis.25;32;Oca.76;Oca.71;2.Þub;2.Kas;18;-1;Þub.49;Þub.41;1.Haz;Oca.56;Oca.85;Mar.43;Nis.94
B1;3.03.2019;Royal Antwerp FC;KAS Eupen;2;1;H;0;0;D;14;6;7;5;20;21;7;4;4;2;0;0;Oca.55;4;May.75;Oca.55;4.Oca;Haz.25;Oca.57;3.Aðu;5.Haz;Oca.58;3.Eyl;Haz.29;Oca.55;Mar.75;6.May;Oca.57;3.Eyl;6;31;Oca.62;Oca.57;4.Oca;Mar.86;6.May;6.Mar;29;2;Oca.93;Oca.91;Oca.86;19;-1;2.May;2.Oca;Oca.87;Oca.81;Oca.43;Nis.75;Tem.51
B1;3.03.2019;Sporting Lokeren;RSC Anderlecht;1;2;A;0;1;A;6;7;4;4;16;14;8;11;1;3;0;0;May.25;4.Þub;Oca.57;May.75;4.Oca;Oca.57;5.Þub;Mar.95;Oca.57;May.64;Nis.16;Oca.59;5.May;4;Oca.57;5.Nis;4.Oca;1.Haz;31;May.75;May.42;4.Þub;4.Tem;Oca.63;Oca.58;30;1.Aðu;Oca.73;Þub.16;2.Aðu;19;1;Oca.87;Oca.82;2.Kas;2.Oca;May.57;Nis.32;1.Haz
B1;3.03.2019;SV Zulte-Waregem;KAA Gent;1;3;A;1;1;D;13;13;5;6;21;21;3;3;1;2;0;0;3.Mar;3.Aðu;2;3.Haz;3.Aðu;Oca.95;Mar.35;3.Tem;Oca.95;Mar.45;4.Oca;2;3.Nis;3.Aðu;Oca.95;3.Nis;3.Aðu;2;33;3.Haz;3.Nis;4.Oca;Mar.78;2.Haz;Oca.99;31;1.Haz;Oca.53;2.Haz;Þub.46;18;0.5;Oca.88;Oca.83;2.Nis;Oca.99;Mar.32;4.Mar;2.Tem
B1;10.03.2019;RSC Anderlecht;KV Kortrijk;2;0;H;1;0;H;9;5;4;5;16;19;8;5;0;2;0;0;1.Haz;Nis.33;Nis.75;Oca.62;Nis.33;5;1.Haz;4.May;Nis.85;Oca.65;Nis.18;5.Haz;1.Haz;4.Þub;5;1.Haz;4.Oca;5;33;Oca.65;Oca.61;Nis.35;Nis.14;May.25;Nis.96;30;Oca.65;Oca.61;2.Nis;Þub.26;20;-1;2.Ara;2.May;Oca.85;Oca.78;Oca.55;Nis.46;May.89
B1;10.03.2019;Royal Antwerp FC;Sporting de Charleroi;1;2;A;1;1;D;9;6;3;3;15;15;4;7;0;3;0;1;Oca.85;3.Aðu;3.Aðu;Oca.83;3.Aðu;4.Oca;1.Aðu;3.May;4.May;Oca.83;Mar.97;Nis.15;1.Aðu;Mar.75;4;Oca.85;3.May;4.Mar;32;Oca.91;Oca.84;Mar.97;Mar.66;Nis.35;4.Haz;30;2.Kas;2.Oca;Oca.86;Oca.79;18;-0.5;Oca.91;Oca.84;2.Tem;Oca.99;Oca.88;Mar.86;4.Eyl
B1;10.03.2019;KSV Cercle Brugge;Standard de Liège;1;2;A;0;2;A;5;6;2;2;18;13;5;4;2;1;0;0;4.Þub;3.Aðu;Oca.75;4.Þub;3.Eyl;1.Aðu;4;3.Aðu;Oca.77;Mar.95;Nis.24;Oca.81;3.Eyl;4;Oca.78;4.Oca;3.Aðu;1.Aðu;33;Nis.25;4;Nis.25;Mar.92;Oca.84;Oca.79;30;1.Tem;Oca.66;Þub.25;Þub.18;18;0.5;2.Oca;2.Nis;Oca.88;1.Aðu;Mar.86;Nis.39;Oca.83
B1;10.03.2019;KAS Eupen;Club Brugge KV;0;4;A;0;3;A;3;13;2;10;13;17;2;3;0;0;0;0;5;Nis.33;Oca.57;5;4.Nis;1.Haz;4.Eyl;Nis.15;Oca.57;May.26;Nis.42;Oca.59;May.25;4.Þub;Oca.55;May.25;4.Mar;Oca.57;33;5.May;5.Oca;Nis.45;Nis.25;Oca.63;Oca.58;30;1.Haz;Oca.55;Þub.55;Þub.41;20;1;Oca.93;Oca.86;2.May;Oca.96;May.98;Nis.74;Oca.51
B1;10.03.2019;KRC Genk;Sporting Lokeren;1;0;H;0;0;D;12;7;4;1;11;12;9;0;0;3;0;0;Oca.14;8;15;Oca.15;Aðu.75;15.May;Oca.15;7.Eyl;14.May;Oca.14;Aðu.38;16.73;1.Ara;8;19;Oca.13;8;20;32;Oca.17;Oca.14;Aðu.75;8.Þub;20;15.99;31;Oca.35;Oca.29;Mar.72;Mar.46;19;-2.25;Oca.93;Oca.86;2.Mar;Oca.96;Oca.13;Eyl.51;19.49
B1;10.03.2019;KAA Gent;KV Oostende;2;1;H;1;1;D;19;6;6;2;16;6;8;3;1;0;0;0;Oca.36;4.May;9;1.Nis;Nis.75;8;Oca.37;4.Eyl;6.Aðu;Oca.39;Nis.93;Tem.69;Oca.36;4.Aðu;7.May;Oca.36;5;7.May;33;Oca.42;Oca.38;May.25;4.Eyl;9;Tem.38;30;1.May;Oca.45;Þub.85;Þub.68;20;-1.5;2.Kas;2.Mar;Oca.85;Oca.79;Oca.24;Haz.98;Eki.67
B1;10.03.2019;Royal Excel Mouscron;Sint-Truidense VV;1;1;D;1;1;D;11;16;3;10;18;19;5;9;4;2;2;0;Þub.25;3.Haz;2.Eyl;Þub.25;3.Tem;3;Þub.25;3.Nis;Þub.95;Þub.27;Mar.73;3.Nis;Þub.25;3.Haz;2.Eyl;2.Mar;3.Nis;3;32;Þub.35;Þub.27;Mar.73;Mar.51;3.Oca;Þub.95;29;Oca.91;Oca.84;2;Oca.95;19;-0.25;2.May;Oca.98;Oca.91;Oca.84;Þub.19;Mar.76;Mar.23
B1;10.03.2019;Waasland-Beveren;SV Zulte-Waregem;1;1;D;0;0;D;13;12;7;7;23;19;4;5;1;1;0;0;3.Aðu;3.Haz;1.Eyl;3.May;3.Aðu;2;3.Nis;Mar.55;Oca.97;Mar.34;Mar.84;2.Eyl;3.Nis;3.Haz;2;3.Nis;Mar.75;2;31;3.Aðu;Mar.42;Mar.85;Mar.68;2.Eyl;2.Oca;28;1.Tem;Oca.64;2.Mar;Þub.22;18;0.25;Þub.13;2.Tem;Oca.82;Oca.77;Mar.51;Nis.22;Oca.95
B1;17.03.2019;Sporting de Charleroi;KAS Eupen;1;2;A;1;1;D;6;7;3;3;21;18;5;3;3;1;0;0;Oca.57;4;5.May;1.Tem;4;Nis.75;Oca.65;Mar.75;Nis.85;Oca.66;Mar.96;May.27;Oca.62;3.Aðu;May.25;Oca.65;3.Eyl;5.Þub;34;1.Tem;Oca.66;4;Mar.85;5.May;Nis.97;31;Oca.86;Oca.82;2.May;Oca.98;23;-0.75;Oca.88;Oca.85;2.Haz;Oca.99;Oca.83;Mar.74;Nis.51
B1;17.03.2019;Club Brugge KV;Royal Excel Mouscron;1;2;A;0;1;A;11;8;6;6;21;20;5;5;1;1;0;0;1.Mar;May.25;10;1.Mar;5.May;10;Oca.32;5.Oca;7.Aðu;Oca.32;May.38;Eyl.42;1.Mar;5;9.May;1.Mar;5.Nis;9;34;Oca.36;Oca.32;5.Haz;May.22;10;Aðu.78;31;Oca.55;Oca.48;2.Aðu;Þub.58;21;-1.5;Oca.55;Oca.48;2.Aðu;Þub.58;Oca.27;Haz.15;10.Haz
B1;17.03.2019;KV Kortrijk;Royal Antwerp FC;2;0;H;0;0;D;6;11;3;4;22;14;3;8;2;2;0;0;3.Haz;3.Nis;2.May;3.Haz;3.Nis;2.Oca;Mar.35;Mar.35;2.Oca;Mar.47;Mar.51;Þub.15;3.Mar;3.Nis;2.Oca;3.Nis;3.Nis;2.Oca;32;3.Haz;Mar.37;Mar.51;Mar.38;2.Þub;2.Ara;31;2.May;Oca.99;Oca.86;Oca.81;17;0.25;2.May;Oca.99;Oca.86;Oca.81;Þub.76;Mar.42;Þub.66
B1;17.03.2019;Sporting Lokeren;KSV Cercle Brugge;3;1;H;3;0;H;10;4;5;3;10;20;7;4;0;2;0;0;2.Oca;3.May;Mar.25;2.Þub;3.May;Mar.25;Þub.15;3.Nis;3.Oca;;;;Þub.15;3.May;3.Oca;Þub.15;3.May;3.Þub;34;Þub.25;Þub.18;Mar.75;Mar.51;Mar.25;3.Kas;31;Oca.86;1.Aðu;2.Nis;Oca.99;19;-0.25;Oca.97;Oca.91;Oca.98;Oca.92;2.Mar;3.Aðu;3
B1;17.03.2019;KV Oostende;RSC Anderlecht;0;2;A;0;0;D;10;18;2;7;10;7;5;7;1;1;0;0;May.25;3.Aðu;1.Haz;Nis.75;4.Oca;Oca.67;Nis.65;Mar.95;Oca.65;Nis.66;Nis.23;Oca.69;4.Haz;4;Oca.65;4.Aðu;4;Oca.67;34;May.25;Nis.68;Nis.23;4;1.Tem;Oca.66;31;172;Oca.67;Þub.24;Þub.17;23;0.75;2.Mar;Oca.99;1.Eyl;Oca.85;5.Tem;Nis.28;Oca.65
B1;17.03.2019;Sint-Truidense VV;KAA Gent;0;2;A;0;1;A;15;14;6;6;12;23;6;7;1;2;0;0;3.May;Mar.75;Oca.95;3.May;3.Eyl;Oca.95;Mar.35;Mar.85;Oca.93;Mar.38;4.Kas;2;3.May;3.Aðu;Oca.91;3.May;3.Eyl;Oca.93;34;3.Haz;3.Nis;4.Kas;Mar.88;2.Nis;Oca.95;31;Oca.46;Oca.43;Þub.88;Þub.71;20;0.25;Þub.21;Þub.13;Oca.76;Oca.73;3.Aðu;Mar.92;Þub.21
B1;17.03.2019;Standard de Liège;Waasland-Beveren;4;3;H;0;2;A;24;7;11;5;11;16;14;5;1;2;0;0;Oca.25;May.25;13;Oca.25;6;12;Oca.26;5.Nis;9.Eyl;Oca.25;5.Eyl;Ara.41;Oca.24;5.May;12;Oca.25;May.75;11.May;34;Oca.28;Oca.26;6;May.62;13;Kas.13;31;Oca.55;Oca.51;Þub.57;Þub.48;21;-1.75;2.Haz;2;Oca.88;Oca.83;Oca.24;Haz.26;Ara.55
B1;17.03.2019;SV Zulte-Waregem;KRC Genk;3;3;D;1;2;A;11;13;6;7;10;14;1;5;2;2;0;0;4.Þub;4.Þub;1.Tem;4.Þub;4.Þub;Oca.75;4.Oca;4;1.Tem;Nis.31;Nis.26;Oca.74;Nis.33;4;1.Tem;4.Þub;4.Þub;1.Tem;34;4.Nis;Nis.17;Nis.26;4.Aðu;Oca.82;Oca.73;31;Oca.48;Oca.45;Oca.78;Þub.65;23;0.75;Oca.97;Oca.92;Oca.98;Oca.92;Nis.94;Nis.91;Oca.58
