Div;Date;HomeTeam;AwayTeam;FTHG;FTAG;FTR;HTHG;HTAG;HTR;HS;AS;HST;AST;HF;AF;HC;AC;HY;AY;HR;AR;B365H;B365D;B365A;BWH;BWD;BWA;IWH;IWD;IWA;PSH;PSD;PSA;WHH;WHD;WHA;VCH;VCD;VCA;Bb1X2;BbMxH;BbAvH;BbMxD;BbAvD;BbMxA;BbAvA;BbOU;BbMx>2.5;BbAv>2.5;BbMx<2.5;BbAv<2.5;BbAH;BbAHh;BbMxAHH;BbAvAHH;BbMxAHA;BbAvAHA;PSCH;PSCD;PSCA
D1;24.08.2018;FC Bayern München;TSG 1899 Hoffenheim;3;1;H;1;0;H;16;8;5;5;2;21;7;2;1;4;0;0;1.Þub;7.May;12;1.Þub;7.May;11.May;1.Mar;5.Aðu;9;1.Þub;Tem.86;14.Eyl;Oca.17;8;13;1.Þub;7.May;15;40;1.Mar;1.Þub;8.Aðu;Tem.37;15;13.26;34;Oca.33;1.Nis;3.Mar;Mar.55;22;-2;Oca.92;Oca.87;2.May;Oca.99;Oca.23;Tem.15;14.Oca
D1;25.08.2018;Fortuna Düsseldorf;FC Augsburg;1;2;A;1;0;H;9;14;5;7;11;10;7;5;1;0;0;0;Þub.37;Mar.25;3;2.Nis;3.Mar;3;2.Nis;3.Mar;Þub.95;Þub.51;Mar.32;3.Haz;Þub.45;Mar.25;2.Eyl;2.May;3.Mar;3;41;Þub.65;Þub.47;Mar.36;Mar.24;Mar.13;Þub.97;38;Þub.13;2.May;Oca.84;Oca.76;20;0;1.Aðu;Oca.76;Þub.17;2.Kas;Þub.74;Mar.33;Þub.78
D1;25.08.2018;SC Freiburg;Eintracht Frankfurt;0;2;A;0;1;A;22;10;6;2;7;12;6;4;1;2;0;0;2.Mar;3.Mar;Mar.25;Þub.35;3.Þub;3.Þub;2.Nis;3.Mar;Þub.95;Þub.34;3.Nis;Mar.28;Þub.25;3.Mar;3.Þub;Þub.38;3.Mar;3.Þub;41;Þub.45;Þub.34;3.Nis;Mar.25;Mar.31;Mar.19;38;Þub.23;Þub.15;Oca.75;Oca.69;20;-0.25;2.Þub;Oca.99;Oca.92;Oca.88;Þub.52;3.Mar;3.Tem
D1;25.08.2018;Hertha BSC;1. FC Nürnberg;1;0;H;1;0;H;10;12;3;3;13;10;8;4;2;2;0;0;2.Nis;3.Nis;Mar.75;2.May;3.Nis;3.Tem;2.Oca;3.Nis;3.May;2.May;Mar.43;4.Haz;2.May;3.Nis;3.Haz;2.May;3.Nis;3.Aðu;40;2.Oca;2.Nis;Mar.49;Mar.37;4.Haz;Mar.83;37;2.Ara;2.May;Oca.83;Oca.76;20;-0.25;Oca.78;Oca.74;Þub.21;Þub.14;Oca.79;Mar.61;May.21
D1;25.08.2018;Borussia Mönchengladbach;Bayer 04 Leverkusen;2;0;H;0;0;D;17;13;7;3;10;10;9;5;1;2;0;0;2.Aðu;3.May;Þub.45;Þub.85;3.May;2.Nis;2.Aðu;3.Nis;2.May;Þub.89;Mar.69;Þub.47;Þub.62;3.Tem;Þub.45;2.Aðu;3.Tem;2.Nis;41;Þub.96;Þub.82;Mar.72;Mar.55;Þub.52;Þub.42;37;Oca.64;1.Haz;2.May;Þub.32;20;0;Þub.13;2.Tem;Oca.84;Oca.78;Þub.63;3.Tem;Þub.69
D1;25.08.2018;SV Werder Bremen;Hannover 96;1;1;D;0;0;D;15;13;3;4;5;6;4;3;0;0;0;0;Oca.85;3.Haz;4;Oca.87;Mar.75;4;1.Eyl;3.May;4.Oca;Oca.93;Mar.79;4.Oca;Oca.85;3.Haz;4;1.Eyl;3.Aðu;4;41;Oca.97;1.Eyl;Mar.85;Mar.68;4.Ara;Mar.95;38;Oca.76;Oca.71;Þub.22;2.Ara;20;-1;Þub.88;Þub.65;Oca.55;Oca.49;Oca.74;Nis.21;Nis.71
D1;25.08.2018;VfL Wolfsburg;FC Schalke 04 04;2;1;H;1;0;H;11;9;7;4;16;11;7;2;5;3;0;1;3.Oca;3.Mar;Þub.37;3;3.Mar;2.Nis;Þub.85;3.Mar;2.May;Mar.36;Mar.25;Þub.37;3.Þub;3.Þub;2.Mar;3.Þub;3.Mar;Þub.38;41;Mar.39;Mar.19;Mar.35;Mar.21;2.May;Þub.36;38;Þub.27;Þub.17;Oca.75;Oca.68;20;0.25;1.Eyl;Oca.86;2.Nis;2;Mar.23;3.Þub;Þub.48
D1;26.08.2018;Borussia Dortmund;RB Leipzig;4;1;H;3;1;H;10;10;5;7;8;11;7;9;2;2;0;0;Oca.72;3.Aðu;Nis.75;Oca.75;3.Aðu;4.Haz;1.Aðu;3.Haz;4.May;Oca.79;4.May;Nis.57;Oca.75;4;4.Þub;1.Aðu;4;4.Mar;41;Oca.81;Oca.76;Nis.13;Mar.92;Nis.75;Nis.45;36;Oca.58;Oca.53;Þub.57;Þub.46;22;-1;Þub.41;2.Mar;1.Tem;Oca.64;Oca.74;4.Kas;Nis.77
D1;26.08.2018;1. FSV Mainz 05;VfB Stuttgart;1;0;H;0;0;D;8;12;3;3;15;6;6;3;1;2;0;0;2.Tem;Mar.25;2.Tem;2.Aðu;Mar.25;2.Haz;Þub.65;3.Mar;Þub.65;Þub.92;Mar.22;Þub.67;Þub.75;3.Þub;Þub.62;Þub.75;Mar.25;2.Tem;41;Þub.92;Þub.76;Mar.31;Mar.18;2.Aðu;Þub.67;38;Þub.24;2.Ara;Oca.77;Oca.71;20;0;2.Þub;Oca.95;Oca.95;1.Eyl;Þub.93;Mar.28;Þub.63
D1;31.08.2018;Hannover 96;Borussia Dortmund;0;0;D;0;0;D;7;8;0;3;11;5;4;1;0;0;0;0;5.May;Nis.33;Oca.57;5.May;Nis.33;Oca.57;5.May;4;1.Haz;May.44;Nis.25;Oca.65;4.Aðu;Nis.33;Oca.62;5.Þub;4.Nis;Oca.62;36;May.65;May.34;4.May;Nis.26;Oca.65;1.Haz;35;Oca.61;Oca.56;Þub.49;2.Nis;20;1;Oca.89;Oca.84;2.Aðu;2.Oca;May.25;Nis.16;Oca.68
D1;1.09.2018;FC Augsburg;Borussia Mönchengladbach;1;1;D;1;0;H;18;7;7;2;12;12;9;4;1;2;0;0;Þub.62;3.Nis;2.Tem;Þub.65;3.Nis;Þub.65;Þub.65;3.Nis;Þub.65;Þub.64;Mar.41;Þub.83;2.Haz;3.Nis;Þub.62;Þub.63;3.Nis;Þub.75;38;Þub.78;Þub.63;Mar.45;Mar.34;Þub.87;Þub.73;37;Oca.97;Oca.88;Oca.98;Oca.92;20;0;Oca.94;1.Eyl;2.Oca;Oca.96;Þub.65;Mar.52;Þub.75
D1;1.09.2018;Eintracht Frankfurt;SV Werder Bremen;1;2;A;0;1;A;5;11;1;6;6;11;8;3;1;2;1;0;2.Nis;3.May;2.Eyl;Þub.45;3.Nis;Þub.85;2.Mar;3.Mar;Mar.15;Þub.47;Mar.47;Þub.97;Þub.45;3.Mar;Þub.88;2.Nis;3.May;3;37;Þub.52;Þub.42;3.May;3.Nis;Mar.15;Þub.94;36;Oca.91;Oca.86;2.Mar;Oca.94;18;-0.25;Þub.13;2.Aðu;Oca.84;Oca.81;Þub.42;Mar.53;3.Mar
D1;1.09.2018;TSG 1899 Hoffenheim;SC Freiburg;3;1;H;0;1;A;20;9;7;4;13;14;6;4;1;2;0;0;Oca.55;4;6.May;1.Haz;4.Oca;5.May;1.Haz;4.Þub;5.Mar;1.Haz;Nis.19;Haz.14;1.Haz;4.Þub;5;Oca.62;4.Þub;5.May;39;Oca.63;Oca.59;Nis.33;4.Ara;6.May;May.71;37;Oca.72;Oca.66;Þub.29;Þub.22;23;-1;2.Mar;Oca.98;Oca.91;Oca.87;Oca.52;Nis.59;6.Haz
D1;1.09.2018;Bayer 04 Leverkusen;VfL Wolfsburg;1;3;A;1;1;D;16;12;3;5;13;13;5;3;3;3;0;0;Oca.61;Nis.33;5;Oca.65;3.Eyl;May.25;Oca.65;4.Oca;5;Oca.64;Nis.27;May.47;Oca.67;4;Nis.75;Oca.67;Nis.33;4.Aðu;39;1.Tem;Oca.64;Nis.33;4.Kas;5.May;5.Ara;36;Oca.63;Oca.58;Þub.44;Þub.35;22;-1;Þub.14;2.Aðu;Oca.82;Oca.77;Oca.67;3.Eyl;May.86
D1;1.09.2018;1. FC Nürnberg;1. FSV Mainz 05;1;1;D;0;1;A;19;6;4;1;10;11;5;1;2;2;0;0;Þub.37;3.Mar;3.Oca;Þub.35;3.Mar;3.Oca;2.Nis;3.Mar;Þub.95;Þub.37;Mar.23;Mar.39;2.Mar;3.Þub;3.Þub;Þub.38;3.Mar;3.Þub;37;Þub.42;Þub.35;Mar.31;3.Þub;Mar.39;Mar.23;35;Þub.26;Þub.19;Oca.74;Oca.67;19;-0.25;2.Nis;2;1.Eyl;Oca.87;Þub.72;Mar.36;Þub.77
D1;1.09.2018;VfB Stuttgart;FC Bayern München;0;3;A;0;1;A;4;20;0;6;3;5;0;12;0;0;0;0;11;5.May;Oca.28;11;May.25;1.Mar;9.May;5.May;1.Mar;10.Mar;May.96;Oca.31;11;4.Aðu;1.Mar;11;May.75;Oca.29;39;11.Haz;Eki.38;6;May.58;Oca.32;Oca.29;36;Oca.56;1.May;Þub.65;Þub.55;20;1.May;2.Aðu;2.Nis;Oca.87;Oca.83;Kas.83;6.Haz;Oca.29
D1;2.09.2018;RB Leipzig;Fortuna Düsseldorf;1;1;D;0;0;D;23;14;7;8;11;15;3;3;1;4;0;0;1.Nis;Nis.75;8;Oca.42;Nis.75;7.May;Oca.45;4.May;7.Oca;Oca.41;Nis.92;Aðu.87;1.Nis;5;7;1.Nis;5;8;39;Oca.45;1.Nis;5.Tem;4.Aðu;9;Tem.96;35;Oca.65;1.Haz;Þub.44;Þub.31;21;-1;Oca.67;Oca.62;Þub.43;Þub.33;Oca.34;May.69;Eyl.56
D1;2.09.2018;FC Schalke 04 04;Hertha BSC;0;2;A;0;1;A;16;5;4;3;16;15;9;0;1;1;1;0;Oca.75;3.Haz;5;Oca.78;3.May;5;Oca.75;3.Tem;4.Aðu;Oca.79;Mar.53;May.53;Oca.75;3.Haz;Nis.75;1.Aðu;3.Haz;4.Aðu;38;Oca.84;Oca.77;3.Tem;Mar.48;May.53;5.Oca;35;Þub.33;Þub.26;Oca.69;Oca.63;19;-0.75;2.Aðu;2.Nis;Oca.86;Oca.83;Oca.69;Mar.65;6.Þub
D1;14.09.2018;Borussia Dortmund;Eintracht Frankfurt;3;1;H;1;0;H;10;5;6;2;11;11;7;1;0;1;0;0;1.Nis;5;7.May;Oca.44;Nis.75;7;Oca.45;4.May;7;Oca.44;Nis.77;8.Þub;1.Nis;Nis.75;7.May;1.Nis;5;8;39;Oca.46;Oca.42;5;Nis.74;Aðu.47;Tem.62;37;Oca.69;Oca.62;Þub.55;Þub.28;24;-1;Oca.69;Oca.66;Þub.36;Þub.27;Oca.48;Nis.74;Haz.97
D1;15.09.2018;FC Bayern München;Bayer 04 Leverkusen;3;1;H;2;1;H;18;3;5;1;4;12;9;1;0;1;0;1;1.Þub;7;13;Oca.22;Haz.75;12.May;Oca.27;6;10;Oca.23;Haz.86;13.74;Oca.22;6.May;11;Oca.25;7;12;39;Oca.27;Oca.23;7;Haz.61;14;Ara.24;32;1.Nis;Oca.36;3.Mar;3.Aðu;25;-2;Þub.14;2.May;Oca.92;Oca.81;Oca.17;8.Aðu;15.59
D1;15.09.2018;Fortuna Düsseldorf;TSG 1899 Hoffenheim;2;1;H;1;0;H;8;18;4;5;10;19;0;9;1;2;0;0;4;3.Haz;1.Eyl;3.Eyl;3.Tem;Oca.91;3.Aðu;3.Nis;2;4.Haz;Mar.92;Oca.89;3.Tem;Mar.75;Oca.91;3.Eyl;Mar.75;Oca.95;38;4.Haz;Mar.86;Mar.92;Mar.75;2;Oca.92;35;1.Tem;Oca.64;2.Nis;Þub.24;21;0.75;Oca.79;Oca.74;2.Þub;Þub.15;Nis.18;Nis.18;Oca.81
D1;15.09.2018;1. FSV Mainz 05;FC Augsburg;2;1;H;0;0;D;22;13;7;4;9;16;5;4;1;2;0;0;Þub.54;Mar.25;Þub.87;2.Haz;3.Oca;2.Eyl;Þub.65;Mar.15;2.Aðu;Þub.73;3.Þub;Þub.85;2.Haz;3.Þub;Þub.75;2.Tem;Mar.25;2.Aðu;38;Þub.79;Þub.67;Mar.25;Mar.15;Þub.91;Þub.83;36;Þub.34;Þub.23;Oca.77;Oca.65;22;-0.25;Þub.32;Þub.25;Oca.71;Oca.67;Þub.76;Mar.44;Þub.66
D1;15.09.2018;Borussia Mönchengladbach;FC Schalke 04 04;2;1;H;1;0;H;15;15;4;6;5;12;6;6;0;4;0;0;Þub.37;3.Nis;3;2.Nis;3.Mar;3;Þub.45;Mar.35;Þub.95;Þub.51;Mar.34;3.May;Þub.45;3.Mar;2.Eyl;2.May;3.Nis;2.Eyl;39;Þub.55;Þub.44;Mar.45;Mar.33;Mar.15;Þub.96;38;Oca.97;1.Eyl;2.May;1.Eyl;22;-0.25;Þub.14;2.Eyl;Oca.83;Oca.79;Þub.85;Mar.54;Þub.52
D1;15.09.2018;RB Leipzig;Hannover 96;3;2;H;2;1;H;15;16;6;8;12;12;4;12;4;4;0;0;Oca.53;Nis.33;5.May;Oca.53;4.May;May.75;Oca.55;Nis.45;5.Nis;Oca.56;Nis.42;Haz.17;Oca.55;Nis.33;5.May;Oca.57;4.May;5.May;39;1.Haz;Oca.55;4.Haz;Nis.35;6.May;May.82;36;Oca.57;Oca.53;Þub.61;Þub.45;26;-1;Oca.96;1.Eyl;2.May;Oca.95;Oca.51;Nis.59;Haz.68
D1;15.09.2018;VfL Wolfsburg;Hertha BSC;2;2;D;0;0;D;15;9;6;5;10;13;7;2;1;2;0;0;2.Oca;Mar.25;Mar.75;2.Oca;3.Þub;3.Aðu;2.Oca;3.Nis;3.May;2.Ara;Mar.22;4.May;Þub.15;3;3.Aðu;Þub.15;3.Þub;3.Eyl;39;Þub.18;2.Oca;3.Nis;3.Þub;4.Oca;Mar.87;37;Þub.42;Þub.32;Oca.68;1.Haz;22;-0.25;Oca.82;Oca.78;Þub.14;2.Eyl;Þub.18;Mar.28;Mar.76
D1;16.09.2018;SC Freiburg;VfB Stuttgart;3;3;D;1;1;D;12;11;5;6;13;11;5;8;3;4;1;0;Þub.62;Mar.25;Þub.75;Þub.55;3.Þub;2.Eyl;2.Tem;3.Oca;2.Aðu;Þub.76;Mar.17;Þub.87;Þub.62;3.Þub;Þub.75;2.Tem;Mar.25;Þub.75;39;Þub.84;Þub.72;Mar.25;3.Kas;2.Eyl;Þub.79;37;Þub.38;Þub.26;Oca.73;Oca.63;22;0;Oca.95;1.Eyl;2;Oca.95;Þub.79;Mar.22;Þub.77
D1;16.09.2018;SV Werder Bremen;1. FC Nürnberg;1;1;D;1;0;H;14;11;2;2;17;5;4;7;2;0;0;0;Oca.66;4;5;Oca.67;4;5;Oca.65;4;5;Oca.68;4.May;May.39;Oca.67;4;Nis.75;Oca.67;4.Oca;5.Þub;38;Oca.71;Oca.66;Nis.13;Mar.98;5.May;5.Ara;36;Oca.78;Oca.71;2.Mar;Þub.14;24;-1;2.Þub;Þub.13;Oca.79;Oca.74;Oca.61;4.Mar;May.71
D1;21.09.2018;VfB Stuttgart;Fortuna Düsseldorf;0;0;D;0;0;D;10;19;1;7;8;19;2;9;0;2;0;0;Oca.72;3.Haz;May.25;Oca.72;3.Tem;5;1.Aðu;3.Haz;4.May;Oca.78;Mar.84;Nis.81;1.Aðu;3.Tem;Nis.33;1.Aðu;Mar.75;4.Haz;39;1.Aðu;Oca.76;3.Eyl;Mar.74;May.25;Nis.71;35;1.Aðu;Oca.74;Þub.16;2.Aðu;21;-1;Þub.44;Þub.37;Oca.67;Oca.61;Oca.72;Mar.89;May.19
D1;22.09.2018;FC Augsburg;SV Werder Bremen;2;3;A;1;2;A;21;12;7;7;10;11;7;4;2;2;0;0;2.May;Mar.25;2.Eyl;Þub.45;3.Nis;Þub.85;2.May;3.Nis;2.Aðu;Þub.53;Mar.48;Þub.89;2.Nis;3.Nis;Þub.88;2.May;3.Nis;2.Eyl;39;Þub.55;Þub.47;3.May;Mar.38;3;Þub.88;38;1.Eyl;Oca.85;2.Tem;Oca.95;20;-0.25;Þub.18;2.Ara;Oca.82;Oca.76;Þub.89;Mar.48;Þub.53
D1;22.09.2018;Hertha BSC;Borussia Mönchengladbach;4;2;H;2;1;H;16;17;7;4;9;13;8;7;2;2;0;0;Þub.37;3.Mar;3.Oca;2.May;3.Mar;2.Eyl;2.Haz;3.Mar;Þub.75;Þub.51;Mar.39;Þub.97;Þub.45;3.Mar;Þub.88;2.May;3.Nis;2.Eyl;39;Þub.62;Þub.49;Mar.45;Mar.32;3.Oca;Þub.91;38;Oca.91;Oca.86;2.Mar;Oca.94;20;-0.25;2.Þub;Þub.13;1.Aðu;Oca.75;2.Eyl;Mar.34;2.Haz
D1;22.09.2018;TSG 1899 Hoffenheim;Borussia Dortmund;1;1;D;1;0;H;17;8;5;2;12;10;4;4;2;1;0;1;Þub.62;Mar.75;2.Nis;2.Tem;3.May;Þub.55;Þub.85;3.May;2.Nis;Þub.72;Mar.73;Þub.54;2.Tem;3.Haz;Þub.45;2.Tem;Mar.75;2.May;39;Þub.85;Þub.69;Mar.82;Mar.67;2.Haz;Þub.49;34;Oca.55;Oca.49;Þub.69;Þub.57;20;0.25;Oca.78;Oca.73;Þub.21;Þub.16;Þub.58;Mar.74;Þub.67
D1;22.09.2018;1. FC Nürnberg;Hannover 96;2;0;H;0;0;D;14;9;6;3;16;7;9;3;3;1;0;1;2.May;Mar.25;2.Eyl;Þub.45;3.Nis;Þub.85;2.May;3.Mar;Þub.85;Þub.48;Mar.37;3.Mar;Þub.45;3.Mar;Þub.88;2.May;3.Nis;2.Eyl;39;2.Haz;Þub.46;Mar.43;Mar.33;3.May;Þub.93;38;2;Oca.92;Oca.97;Oca.88;20;-0.25;Þub.16;2.Kas;Oca.81;Oca.77;Þub.52;Mar.47;2.Eyl
D1;22.09.2018;FC Schalke 04 04;FC Bayern München;0;2;A;0;1;A;10;14;2;7;12;11;0;8;2;1;0;0;8;4.May;1.Nis;8.May;5;Oca.36;7;4.May;Oca.45;Aðu.56;Nis.94;Oca.41;7.May;5;Oca.38;8;5;1.Nis;39;9.Aðu;Aðu.13;5;4.Aðu;Oca.45;Oca.39;38;Oca.72;Oca.67;Þub.29;Þub.19;21;1.May;1.Aðu;Oca.76;Þub.21;2.Ara;Aðu.99;May.31;Oca.37
D1;22.09.2018;VfL Wolfsburg;SC Freiburg;1;3;A;0;2;A;17;12;9;8;12;17;7;7;0;3;0;0;Oca.72;3.Haz;May.25;1.Tem;3.Aðu;5;Oca.65;3.Eyl;5.Mar;Oca.75;Mar.73;May.26;Oca.75;3.Haz;Nis.75;Oca.75;Mar.75;5;39;Oca.77;Oca.73;3.Eyl;3.Tem;5.Nis;5.Haz;38;2.Oca;Oca.94;Oca.94;Oca.86;23;-1;Þub.42;Þub.32;Oca.67;Oca.64;Oca.85;Mar.49;4.Eyl
D1;23.09.2018;Eintracht Frankfurt;RB Leipzig;1;1;D;1;0;H;8;9;5;2;14;8;4;2;1;1;0;0;2.Eyl;3.Nis;Þub.35;3.Oca;3.Nis;2.Mar;2.Eyl;3.Nis;2.Nis;Mar.14;Mar.56;Þub.32;3;3.Nis;2.Mar;Mar.13;3.May;2.Mar;39;Mar.15;3.Nis;3.Haz;Mar.46;2.Nis;Þub.32;37;Oca.79;Oca.74;Þub.17;2.Aðu;20;0.25;Oca.93;Oca.88;2.Þub;Oca.98;3.Haz;Mar.67;Þub.35
D1;23.09.2018;Bayer 04 Leverkusen;1. FSV Mainz 05;1;0;H;0;0;D;18;12;5;5;12;13;7;4;2;2;0;0;Oca.57;Nis.33;5.May;Oca.57;Nis.25;5.May;1.Tem;3.Aðu;5;1.Haz;Nis.17;6.Kas;Oca.62;4.Þub;5;1.Haz;Nis.33;5.Nis;37;1.Tem;Oca.59;Nis.35;Nis.17;6.Kas;May.53;34;Oca.67;Oca.61;Þub.39;Þub.29;23;-1;Þub.15;2.Oca;Oca.91;Oca.85;Oca.58;Nis.27;6.Aðu
D1;25.09.2018;FC Bayern München;FC Augsburg;1;1;D;0;0;D;16;12;8;4;6;15;8;4;3;2;0;0;1.Oca;10;23;1.Kas;9.May;21;1.Ara;9;20;1.Ara;Eki.15;24.78;1.Kas;10;17;Oca.13;10;21;39;Oca.13;1.Kas;Kas.45;Eyl.78;31;23.28;31;Oca.35;Oca.32;3.Haz;Mar.31;22;-2.5;2.Aðu;2.Mar;Oca.92;Oca.84;1.Ara;Eki.33;25.21
D1;25.09.2018;SC Freiburg;FC Schalke 04 04;1;0;H;0;0;D;15;15;4;3;12;11;3;3;2;4;0;0;3.May;3.Þub;Þub.14;3.Nis;3.Mar;2.Þub;Þub.95;3.Mar;2.Nis;Mar.55;3.Þub;Þub.32;3.Mar;3.Þub;Þub.25;3.Nis;3.Mar;2.Mar;39;Mar.55;Mar.42;3.Mar;Mar.23;2.Nis;Þub.25;38;Þub.33;Þub.22;1.Tem;Oca.65;21;0.25;Oca.98;Oca.93;Oca.97;Oca.93;Mar.24;Mar.34;2.Nis
D1;25.09.2018;Hannover 96;TSG 1899 Hoffenheim;1;3;A;0;1;A;17;17;8;9;12;13;8;5;2;2;0;0;3.May;3.Haz;2.Nis;3.Nis;Mar.75;2.May;3.Nis;3.May;2.Oca;Mar.57;Mar.97;2.Þub;Mar.25;Mar.75;2.May;3.Nis;4;2.May;38;Mar.57;Mar.42;4;Mar.83;2.Oca;2.Mar;30;Oca.53;Oca.48;2.Tem;Þub.59;20;0.25;Þub.18;2.Kas;Oca.81;Oca.77;Mar.21;Mar.75;Þub.24
D1;25.09.2018;SV Werder Bremen;Hertha BSC;3;1;H;2;0;H;14;12;6;2;13;9;2;3;1;3;0;0;2;3.May;3.Aðu;2.Oca;3.May;3.May;2;3.Nis;3.Aðu;2.Ara;3.May;Mar.74;2.Oca;3.May;3.Nis;2.Oca;3.Haz;3.May;39;Þub.15;2.Aðu;Mar.61;Mar.49;Mar.82;3.Haz;38;Oca.86;Oca.79;2.Kas;2.Þub;22;-0.25;Oca.84;Oca.81;Þub.15;2.Aðu;2.Mar;Mar.62;Mar.88
D1;26.09.2018;Borussia Dortmund;1. FC Nürnberg;7;0;H;2;0;H;19;4;10;1;6;10;4;5;0;2;0;0;1.Mar;5.May;10;1.Mar;May.25;11;1.Mar;5.Aðu;9;Oca.31;May.59;11.Haz;1.Mar;5.May;9;1.Mar;May.75;10.May;38;Oca.33;1.Mar;5.Aðu;May.52;Kas.75;Eki.19;34;Oca.58;Oca.53;2.Haz;Þub.48;21;-1.5;Oca.92;Oca.87;2.Mar;Oca.99;Oca.42;Nis.82;Aðu.17
D1;26.09.2018;Fortuna Düsseldorf;Bayer 04 Leverkusen;1;2;A;0;0;D;16;6;4;3;6;12;7;5;2;2;0;0;Mar.75;Mar.75;Oca.95;3.Eyl;3.Tem;Oca.91;3.Tem;3.May;2;4.Nis;Mar.87;Oca.91;3.Tem;Mar.75;Oca.91;3.Eyl;3.Tem;Oca.95;39;4.Oca;3.Eyl;Mar.95;Mar.75;2;Oca.91;37;Oca.67;1.Haz;2.Nis;2.Mar;20;1;Oca.56;1.May;Þub.75;Þub.62;4.Þub;Mar.72;Oca.96
D1;26.09.2018;1. FSV Mainz 05;VfL Wolfsburg;0;0;D;0;0;D;11;12;2;4;13;15;5;11;1;2;0;0;2.Haz;Mar.25;2.Aðu;2.Haz;3.Nis;2.Tem;Þub.65;3.Nis;Þub.65;Þub.61;Mar.26;Þub.95;Þub.55;3.Þub;2.Aðu;Þub.55;3.Mar;Þub.88;38;Þub.65;Þub.58;3.Nis;Mar.25;Þub.95;Þub.83;38;Þub.13;2.May;Oca.81;Oca.76;20;-0.25;Þub.26;2.Þub;Oca.75;Oca.71;Þub.54;Mar.39;Þub.98
D1;26.09.2018;Borussia Mönchengladbach;Eintracht Frankfurt;3;1;H;0;0;D;21;12;9;2;7;11;9;6;0;0;0;0;Oca.75;3.Aðu;Nis.75;Oca.78;Mar.75;4.May;1.Aðu;3.Tem;4.Nis;Oca.77;Mar.86;Nis.86;Oca.78;3.Aðu;4.Þub;Oca.75;4;4.May;38;1.Aðu;Oca.76;4;Mar.82;4.Eyl;Nis.59;36;Oca.74;Oca.69;Þub.25;Þub.15;22;-1;2.Nis;Þub.34;Oca.68;Oca.62;Oca.96;Mar.78;Mar.96
D1;26.09.2018;RB Leipzig;VfB Stuttgart;2;0;H;1;0;H;18;9;8;0;11;8;4;2;2;3;0;0;Oca.72;3.Aðu;Nis.75;Oca.72;3.Tem;5;Oca.75;3.Tem;4.Tem;Oca.71;Nis.19;Nis.82;Oca.73;4;Nis.33;1.Aðu;4;4.Nis;39;1.Aðu;Oca.72;Nis.21;Mar.95;5;Nis.65;37;Oca.62;Oca.55;Þub.52;Þub.41;22;-1;Þub.31;Þub.22;Oca.73;Oca.68;Oca.58;Nis.29;6.Ara
D1;28.09.2018;Hertha BSC;FC Bayern München;2;0;H;2;0;H;6;25;4;5;14;10;1;14;3;1;0;0;10;May.75;Oca.28;Eyl.75;May.75;1.Mar;7.May;4.Aðu;1.Nis;Eki.39;6.May;Oca.29;9.May;5.Aðu;Oca.29;11;6;Oca.29;36;11;Eyl.86;6.Oca;May.71;1.Nis;1.Mar;32;Oca.57;Oca.53;Þub.62;Þub.46;20;1.May;2.Tem;2.Mar;Oca.88;Oca.85;Ara.43;Haz.47;Oca.25
D1;29.09.2018;TSG 1899 Hoffenheim;RB Leipzig;1;2;A;0;0;D;13;18;6;7;4;14;4;8;1;3;0;0;2.Nis;Mar.75;3.Nis;2.Oca;Mar.75;Mar.25;2.Oca;3.May;3.Nis;2.May;4.Þub;Mar.46;2.Oca;3.Aðu;3.Oca;2.Oca;3.Eyl;Mar.25;35;Þub.15;2.Haz;4.May;Mar.81;Mar.46;Mar.33;30;1.May;Oca.44;2.Aðu;2.Tem;20;-0.25;Oca.84;1.Aðu;Þub.14;2.Tem;Þub.27;Mar.89;3.May
D1;29.09.2018;Bayer 04 Leverkusen;Borussia Dortmund;2;4;A;2;0;H;14;16;6;10;11;12;6;8;1;1;0;0;2.Aðu;3.May;2.Nis;2.Aðu;3.May;Þub.45;Þub.75;3.May;2.May;Þub.86;Mar.62;Þub.51;2.Aðu;3.Nis;Þub.45;2.Aðu;3.Haz;Þub.45;36;Þub.86;2.Aðu;Mar.68;Mar.53;Þub.55;Þub.45;34;Oca.65;Oca.61;Þub.39;Þub.31;21;0;2.Ara;2.Haz;Oca.84;Oca.81;Þub.59;Mar.55;2.Aðu
D1;29.09.2018;1. FC Nürnberg;Fortuna Düsseldorf;3;0;H;1;0;H;10;13;6;4;10;9;4;4;0;2;0;0;Þub.14;3.Nis;3.Nis;2.May;3.Nis;3.Tem;Þub.15;3.Nis;3.Nis;2.Kas;Mar.55;3.Tem;2.Oca;3.May;3.Nis;Þub.15;3.May;3.May;38;Þub.15;2.Oca;Mar.58;Mar.44;3.Tem;Mar.57;37;Oca.92;Oca.85;2.Oca;Oca.95;20;-0.25;Oca.86;Oca.82;2.Ara;2.Haz;Þub.18;Mar.57;Mar.48
D1;29.09.2018;FC Schalke 04 04;1. FSV Mainz 05;1;0;H;1;0;H;15;15;2;5;22;21;4;5;2;2;0;0;Oca.64;Mar.75;5.May;Oca.65;3.Aðu;5.May;Oca.75;3.Tem;4.Tem;Oca.67;Mar.79;6.Oca;Oca.65;3.Aðu;May.25;Oca.65;4;5.Nis;35;Oca.75;Oca.66;4;3.Aðu;6.Oca;5.May;34;2.May;Oca.97;Oca.89;Oca.83;23;-1;2.Mar;Þub.18;Oca.76;Oca.71;Oca.61;4.Oca;Haz.31
D1;29.09.2018;VfB Stuttgart;SV Werder Bremen;2;1;H;1;0;H;18;14;5;3;15;14;6;8;3;4;0;1;2.Tem;Mar.25;2.Tem;Þub.65;3.Nis;Þub.65;Þub.75;3.Mar;2.Haz;Þub.76;3.Nis;Þub.72;2.Tem;3.Mar;2.Haz;Þub.75;3.Nis;Þub.63;36;Þub.85;Þub.72;Mar.45;Mar.35;Þub.72;Þub.62;35;Oca.95;Oca.89;Oca.97;1.Eyl;21;0;2.Oca;Oca.96;Oca.96;Oca.91;Þub.91;Mar.43;Þub.57
D1;29.09.2018;VfL Wolfsburg;Borussia Mönchengladbach;2;2;D;1;1;D;13;10;3;3;6;14;6;3;2;2;0;0;2.Mar;3.Nis;3.Oca;Þub.35;3.Nis;3;2.Nis;3.Nis;2.Eyl;2.Nis;Mar.49;3.Kas;Þub.38;3.Nis;2.Eyl;Þub.38;3.May;3;38;Þub.45;Þub.37;Mar.54;Mar.44;3.Kas;Þub.97;37;Oca.83;Oca.76;Þub.15;2.May;20;-0.25;2.Aðu;2.Mar;Oca.88;Oca.84;Þub.35;Mar.56;Mar.14
D1;30.09.2018;FC Augsburg;SC Freiburg;4;1;H;2;0;H;21;13;10;6;12;8;5;3;0;1;0;0;1.Eyl;3.Nis;Nis.33;Oca.95;3.Nis;4.Oca;2;3.Nis;3.Aðu;Oca.92;Mar.47;Nis.62;Oca.95;3.Mar;4;Oca.93;3.May;4.Mar;37;2;Oca.92;3.May;3.Nis;Nis.62;Nis.29;36;2.Þub;Þub.13;Oca.77;1.Tem;21;-1;Þub.88;2.Aðu;Oca.51;Oca.44;Oca.92;Mar.77;Nis.17
D1;30.09.2018;Eintracht Frankfurt;Hannover 96;4;1;H;2;0;H;15;4;7;1;16;11;3;4;1;2;0;0;1.Eyl;3.Haz;4;2;3.May;Mar.75;2;3.Nis;3.Aðu;2.Þub;Mar.59;Mar.96;2;3.May;3.Haz;2;3.Haz;3.Aðu;35;2.May;Oca.98;Mar.67;Mar.54;4;Mar.82;34;Oca.85;Oca.79;2.Kas;2.Þub;20;-0.25;Oca.74;Oca.71;Þub.25;Þub.19;2.Mar;Mar.66;Mar.85
D1;5.10.2018;SV Werder Bremen;VfL Wolfsburg;2;0;H;1;0;H;15;10;5;4;12;13;7;5;1;2;0;0;Oca.95;3.May;4;2.May;3.Nis;3.Tem;2.Oca;3.Nis;3.May;2;Mar.68;Mar.93;2;3.May;3.Haz;2;3.Haz;3.Aðu;35;2.Oca;2.Oca;Mar.68;Mar.54;Nis.15;Mar.79;34;Oca.85;Oca.77;Þub.15;2.Nis;18;-0.5;2.Mar;Oca.98;Oca.93;Oca.89;2.Aðu;3.Haz;Mar.74
D1;6.10.2018;FC Bayern München;Borussia Mönchengladbach;0;3;A;0;2;A;14;7;3;3;7;4;1;3;2;2;0;0;1.Þub;7;13;Oca.22;7;11.May;Oca.25;6.May;10;1.Þub;Tem.61;14.Haz;1.Þub;7;12;1.Þub;7.May;13;35;Oca.25;Oca.21;7.Aðu;7.Ara;15.72;Ara.78;30;Oca.33;Oca.29;3.Aðu;Mar.49;19;-2;Oca.95;Oca.87;2.Tem;Oca.98;Oca.17;Aðu.41;17.Oca
D1;6.10.2018;Borussia Dortmund;FC Augsburg;4;3;H;0;1;A;20;12;8;6;5;29;9;6;1;7;0;0;Oca.44;Nis.75;7;Oca.48;4.Haz;6.May;Oca.45;4.May;7;Oca.48;Nis.72;7.Oca;Oca.47;4.Haz;6;Oca.45;4.Aðu;7;35;1.May;Oca.46;4.Aðu;Nis.62;Tem.37;Haz.77;33;Oca.61;Oca.55;Þub.53;Þub.41;20;-1;Oca.76;Oca.72;Þub.25;Þub.16;Oca.56;Nis.34;Haz.31
D1;6.10.2018;Fortuna Düsseldorf;FC Schalke 04 04;0;2;A;0;0;D;9;15;3;5;17;15;4;6;3;1;0;0;3.Haz;3.Nis;2.Oca;3.Haz;3.May;2.May;3.Tem;3.May;2;Mar.57;Mar.53;Þub.17;3.Nis;3.May;2.Oca;3.May;3.Haz;2.Oca;35;Mar.71;Mar.54;3.Haz;Mar.48;Þub.17;2.Oca;34;2.Mar;Oca.96;Oca.92;Oca.84;17;0.25;2.Eyl;2.May;Oca.86;Oca.82;Mar.89;Mar.54;2.Haz
D1;6.10.2018;Hannover 96;VfB Stuttgart;3;1;H;2;0;H;15;11;6;5;16;11;5;7;1;2;0;0;2.May;3.Mar;Þub.87;Þub.45;3.Nis;Þub.85;2.May;3.Mar;Þub.85;Þub.48;Mar.43;3.Þub;2.Nis;3.Nis;Þub.88;2.Nis;3.Nis;3;35;2.May;Þub.43;Mar.45;Mar.36;3.Oca;Þub.95;34;2;Oca.93;Oca.92;Oca.86;18;-0.25;Þub.13;2.Tem;Oca.84;Oca.81;Þub.51;Mar.46;Þub.97
D1;6.10.2018;1. FSV Mainz 05;Hertha BSC;0;0;D;0;0;D;23;11;3;1;12;9;5;6;0;2;0;0;2.Tem;3.Þub;2.Tem;2.Aðu;3.Þub;2.Haz;Þub.65;3.Mar;Þub.65;Þub.84;Mar.35;Þub.68;2.Tem;Mar.25;2.Haz;Þub.75;3.Mar;2.Tem;35;Þub.84;Þub.75;Mar.35;Mar.26;Þub.73;Þub.65;34;2.Eyl;2.Mar;Oca.84;Oca.78;18;0;2.Þub;Oca.96;Oca.93;Oca.89;Þub.69;Mar.46;Þub.75
D1;7.10.2018;SC Freiburg;Bayer 04 Leverkusen;0;0;D;0;0;D;7;14;1;0;11;12;3;4;3;1;0;0;3.Nis;3.Nis;Þub.14;3.Nis;3.Nis;Þub.15;3.Mar;3.Nis;2.Þub;3.Nis;3.Haz;2.Þub;3.Þub;3.May;Þub.15;3.Mar;3.May;2.Þub;35;Mar.46;Mar.31;Mar.63;Mar.49;Þub.25;Þub.17;34;Oca.78;Oca.74;Þub.16;2.Aðu;17;0.25;2.Þub;Oca.97;Oca.93;Oca.89;Mar.53;Mar.64;Þub.14
D1;7.10.2018;TSG 1899 Hoffenheim;Eintracht Frankfurt;1;2;A;0;1;A;20;6;4;4;15;16;6;0;2;4;0;1;Oca.72;3.Aðu;Nis.75;Oca.72;3.Eyl;Nis.75;Oca.75;3.Tem;4.Aðu;Oca.76;Nis.16;Nis.53;Oca.78;4;4;1.Aðu;4.Oca;4.Þub;35;1.Aðu;Oca.74;Nis.21;Mar.99;4.Aðu;Nis.49;30;Oca.52;Oca.48;Þub.67;Þub.56;20;-1;Þub.35;Þub.25;Oca.71;Oca.67;Oca.69;Nis.29;Nis.87
D1;7.10.2018;RB Leipzig;1. FC Nürnberg;6;0;H;4;0;H;18;3;8;0;11;12;6;1;0;1;0;1;Oca.44;Nis.75;7;Oca.45;Nis.75;6.May;Oca.45;4.Aðu;6.May;Oca.44;4.Eyl;Tem.38;Oca.44;Nis.75;6.May;Oca.45;4.Aðu;7;34;Oca.46;Oca.44;5.Mar;Nis.77;7.Eyl;Haz.89;31;Oca.54;Oca.51;2.Haz;Þub.51;20;-1;Oca.72;Oca.67;Þub.33;Þub.24;Oca.38;May.26;Aðu.37
D1;19.10.2018;Eintracht Frankfurt;Fortuna Düsseldorf;7;1;H;3;0;H;21;10;13;5;13;12;5;1;0;2;0;0;Oca.61;3.Aðu;May.75;Oca.65;4;May.25;Oca.75;3.Tem;4.Tem;Oca.65;4.Eyl;May.64;Oca.63;4;5;Oca.65;4;5.May;38;Oca.75;Oca.65;4.Oca;Mar.92;May.87;May.35;37;Oca.82;Oca.75;Þub.23;2.Aðu;22;-1;Þub.33;Þub.13;Oca.85;Oca.75;Oca.81;3.Haz;5.May
D1;20.10.2018;FC Augsburg;RB Leipzig;0;0;D;0;0;D;6;15;0;3;20;24;2;2;2;5;0;0;3;3.May;2.Mar;3.Oca;3.May;Þub.25;3.Oca;3.Nis;2.Mar;3.Oca;Mar.65;Þub.33;Þub.88;3.Haz;2.Mar;3;3.Tem;2.Mar;38;Mar.25;3.Mar;Mar.75;Mar.58;Þub.35;Þub.28;36;Oca.65;1.Haz;Þub.45;Þub.33;19;0.25;Oca.98;Oca.87;2.Tem;Oca.99;Þub.98;Mar.79;Þub.35
D1;20.10.2018;Bayer 04 Leverkusen;Hannover 96;2;2;D;1;1;D;19;9;7;7;14;18;9;5;1;5;0;1;1.May;Nis.33;6.May;Oca.53;4.Nis;6;Oca.57;4.Þub;5.Haz;Oca.56;Nis.43;6.Aðu;Oca.57;4.Þub;5.May;Oca.57;Nis.33;May.75;38;Oca.58;Oca.55;Nis.55;Nis.32;6.May;5.Eyl;34;1.Haz;Oca.54;Þub.56;Þub.44;22;-1;Oca.95;Oca.89;2.Mar;Oca.96;Oca.54;Nis.37;Haz.59
D1;20.10.2018;1. FC Nürnberg;TSG 1899 Hoffenheim;1;3;A;1;0;H;7;20;2;12;8;9;1;7;4;2;0;0;Mar.75;3.Aðu;1.Eyl;3.Aðu;3.Aðu;Oca.91;3.Tem;3.May;2;Mar.98;4.Tem;Oca.88;3.Tem;4;Oca.85;3.Aðu;4.Oca;Oca.87;37;Mar.98;Mar.83;4.Oca;Mar.94;2;Oca.88;33;Oca.57;Oca.53;2.Haz;Þub.46;19;0.75;Oca.81;Oca.78;Þub.16;2.Kas;Nis.34;Nis.38;Oca.76
D1;20.10.2018;FC Schalke 04 04;SV Werder Bremen;0;2;A;0;1;A;14;8;4;3;13;9;3;1;1;4;0;0;2.Nis;3.Nis;Mar.75;2.May;3.May;3.Haz;2.Oca;3.Nis;3.May;2.Oca;Mar.51;Mar.79;2.Oca;3.Nis;3.May;Þub.15;3.Nis;3.Haz;38;Þub.15;2.Tem;Mar.55;Mar.42;Mar.81;Mar.68;37;2.Oca;Oca.95;Oca.91;Oca.85;19;-0.25;Oca.84;Oca.78;Þub.19;2.Oca;Þub.14;Mar.53;Mar.64
D1;20.10.2018;VfB Stuttgart;Borussia Dortmund;0;4;A;0;3;A;13;12;5;4;7;5;10;2;0;0;0;0;4.Þub;Mar.75;Oca.83;Nis.33;3.Aðu;1.Aðu;4.Oca;3.Tem;Oca.85;Nis.29;3.Eyl;Oca.86;4;3.Aðu;Oca.83;4.Þub;3.Aðu;Oca.85;38;4.May;Nis.21;4;3.Aðu;Oca.87;Oca.83;37;Oca.68;Oca.62;2.Nis;Þub.28;20;1;Oca.61;Oca.57;Þub.53;Þub.46;Nis.27;4.Aðu;Oca.82
D1;20.10.2018;VfL Wolfsburg;FC Bayern München;1;3;A;0;1;A;8;13;1;11;9;12;2;9;2;4;0;1;8.May;5;Oca.36;8.May;5;Oca.36;6.May;4.Tem;Oca.45;Aðu.92;May.33;Oca.36;8;5;Oca.36;8.May;May.25;Oca.36;38;Eyl.32;Aðu.47;May.57;May.16;Oca.45;Oca.36;34;Oca.59;Oca.52;Þub.63;Þub.47;21;1.May;Oca.93;Oca.86;2.Tem;2.Oca;Eyl.91;May.77;Oca.32
D1;21.10.2018;Hertha BSC;SC Freiburg;1;1;D;1;1;D;13;8;5;3;12;14;8;3;2;0;0;0;Oca.85;3.Haz;Nis.33;Oca.87;3.Haz;4.Þub;1.Eyl;3.May;4.Oca;Oca.86;Mar.59;Nis.74;Oca.85;3.May;Nis.33;Oca.85;3.Haz;4.May;38;1.Eyl;Oca.85;Mar.65;Mar.53;4.Aðu;Nis.46;36;Þub.17;2.Aðu;Oca.85;Oca.74;19;-1;Þub.77;Þub.64;Oca.56;1.May;Oca.93;Mar.52;Nis.47
D1;21.10.2018;Borussia Mönchengladbach;1. FSV Mainz 05;4;0;H;1;0;H;16;13;8;4;4;10;4;6;0;2;0;0;Oca.61;Nis.33;5;1.Haz;4.Þub;May.25;Oca.65;4;5.Oca;Oca.63;4.Nis;May.32;Oca.62;Nis.33;4.Aðu;Oca.62;4.Nis;5.Þub;37;Oca.65;Oca.61;4.May;Nis.27;5.Haz;5.Þub;35;Oca.66;Oca.58;Þub.55;Þub.36;22;-1;2.Oca;2.Nis;1.Eyl;Oca.82;Oca.58;Nis.53;May.59
D1;26.10.2018;SC Freiburg;Borussia Mönchengladbach;3;1;H;1;1;D;13;11;7;2;9;12;3;10;1;1;0;0;3.May;3.Haz;2;3.Nis;3.Haz;2.Oca;3.Nis;3.Mar;2.Þub;Mar.62;Mar.66;2.Oca;3.Mar;3.Haz;2.Oca;3.May;3.Tem;2.Oca;34;3.Tem;3.May;3.Aðu;Mar.59;2.Þub;2.Tem;32;Oca.78;Oca.71;Þub.23;2.Ara;13;0.25;Þub.16;2.Oca;Oca.84;1.Aðu;Mar.54;Mar.63;Þub.14
D1;27.10.2018;Borussia Dortmund;Hertha BSC;2;2;D;1;1;D;19;10;5;4;7;15;8;2;2;3;0;0;1.Nis;Nis.75;8;Oca.42;Nis.75;Tem.25;Oca.45;4.May;7;Oca.43;Nis.96;Tem.49;Oca.42;4.Aðu;6.May;Oca.44;5;7.May;37;Oca.45;Oca.43;May.25;Nis.86;8;Tem.14;34;Oca.57;Oca.51;Þub.65;Þub.52;20;-1;1.Tem;Oca.65;Þub.38;Þub.28;Oca.48;Nis.66;7.Nis
D1;27.10.2018;Fortuna Düsseldorf;VfL Wolfsburg;0;3;A;0;1;A;8;18;1;6;12;11;4;9;3;6;0;0;3;3.Nis;Þub.37;Þub.95;3.Nis;2.Nis;3.Oca;3.Nis;2.Mar;Mar.18;Mar.52;Þub.34;2.Eyl;3.Nis;Þub.35;3.Oca;3.Nis;Þub.38;37;3.Þub;3.Tem;Mar.55;Mar.39;Þub.45;Þub.34;35;Oca.96;Oca.88;2;Oca.91;18;0;2.Mar;Þub.24;Oca.74;Oca.68;Mar.23;Mar.52;Þub.31
D1;27.10.2018;Hannover 96;FC Augsburg;1;2;A;0;1;A;17;9;4;4;15;16;5;4;2;3;0;0;2.Haz;3.Mar;Þub.75;Þub.55;3.Mar;2.Aðu;2.Haz;Mar.25;Þub.75;Þub.63;Mar.53;Þub.77;Þub.55;3.Nis;2.Tem;Þub.63;3.Nis;2.Tem;37;Þub.65;Þub.58;3.Haz;Mar.39;Þub.85;Þub.75;34;Oca.83;Oca.77;Þub.15;2.Nis;17;-0.25;Þub.26;2.Þub;Oca.75;Oca.71;2.May;Mar.59;Þub.89
D1;27.10.2018;TSG 1899 Hoffenheim;VfB Stuttgart;4;0;H;0;0;D;22;6;10;0;11;9;6;3;1;1;0;1;Oca.57;Nis.33;5.May;Oca.57;4.Haz;5;Oca.65;3.Eyl;5.Mar;Oca.59;Nis.57;May.51;Oca.57;4.May;5;Oca.57;4.May;5.May;37;Oca.65;Oca.58;4.Tem;Nis.42;May.55;May.27;34;Oca.55;Oca.49;Þub.75;Þub.57;20;-1;2.May;Oca.94;2;Oca.91;Oca.52;Nis.78;Haz.14
D1;27.10.2018;1. FSV Mainz 05;FC Bayern München;1;2;A;0;1;A;6;21;1;5;13;6;2;7;3;1;0;0;11;6.May;Oca.25;10;Haz.25;Oca.26;9.May;5.Haz;1.Mar;Ara.18;Haz.38;Oca.26;11;6.May;Oca.22;13;6.May;Oca.22;37;13;Kas.87;Haz.75;Haz.16;1.Mar;Oca.25;32;Oca.56;1.May;2.Tem;Þub.57;19;2;1.Aðu;Oca.72;Þub.23;Þub.17;12.Eyl;Tem.17;Oca.22
D1;28.10.2018;1. FC Nürnberg;Eintracht Frankfurt;1;1;D;0;0;D;10;10;3;2;11;13;8;6;2;3;0;0;3.Mar;3.May;Þub.14;3.Mar;3.May;Þub.15;3.May;3.Nis;2.Oca;Mar.46;Mar.57;Þub.19;3.Mar;3.May;2.Oca;3.Nis;3.May;Þub.15;37;3.May;Mar.35;3.Haz;Mar.48;Þub.25;Þub.15;35;Oca.92;Oca.84;2.Tem;Oca.95;17;0.25;2.May;2.Oca;1.Eyl;Oca.86;Nis.17;Mar.73;Oca.93
D1;28.10.2018;RB Leipzig;FC Schalke 04 04;0;0;D;0;0;D;15;6;2;0;11;13;7;4;3;2;0;0;Oca.75;3.Haz;Nis.75;Oca.85;3.May;4.Nis;2;3.May;3.Tem;Oca.85;3.Aðu;Nis.45;1.Aðu;Mar.75;4.Þub;Oca.83;3.Aðu;Nis.33;37;2;Oca.83;Mar.85;Mar.71;Nis.75;Nis.29;35;Oca.85;Oca.79;2.Ara;2.Oca;19;-1;2.Aðu;Þub.53;1.Haz;Oca.54;Oca.85;3.Aðu;Nis.43
D1;28.10.2018;SV Werder Bremen;Bayer 04 Leverkusen;2;6;A;0;3;A;14;17;6;10;9;8;6;6;2;2;0;0;2.Mar;3.Nis;3.Oca;2.Mar;3.Haz;3;2.Mar;3.Nis;3.Oca;2.Mar;3.Tem;Mar.13;Þub.25;3.Haz;3;Þub.25;3.Haz;3.Oca;36;Þub.35;Þub.27;Mar.75;Mar.57;Mar.15;3.Nis;34;Oca.71;Oca.66;Þub.35;Þub.21;18;0;Oca.72;Oca.68;Þub.31;Þub.23;Þub.53;Mar.74;Þub.76
D1;2.11.2018;VfB Stuttgart;Eintracht Frankfurt;0;3;A;0;2;A;10;15;0;7;4;10;1;3;1;2;0;0;3;3.May;2.Mar;2.Eyl;3.May;2.Nis;Þub.75;3.Nis;Þub.55;3.Mar;Mar.57;Þub.41;2.Eyl;3.May;Þub.35;Mar.13;3.Nis;Þub.38;32;Mar.13;Þub.96;3.Haz;Mar.47;Þub.55;Þub.39;31;Oca.87;Oca.81;Þub.13;Oca.99;15;0.25;Oca.87;Oca.83;2.Oca;2.May;3.Mar;Mar.57;Þub.41
D1;3.11.2018;FC Augsburg;1. FC Nürnberg;2;2;D;1;0;H;17;13;4;5;16;11;6;6;3;3;0;0;1.Haz;3.Aðu;6;1.Haz;4;May.75;1.Tem;3.Aðu;5;Oca.61;4.Þub;May.85;1.Haz;4;May.25;1.Haz;4.Þub;May.75;35;1.Tem;1.Haz;4.Nis;Nis.18;6;May.59;34;Oca.76;Oca.71;Þub.25;Þub.13;20;-1;Þub.15;2;Oca.92;Oca.86;Oca.64;4.Ara;5.Tem
D1;3.11.2018;FC Bayern München;SC Freiburg;1;1;D;0;0;D;24;10;6;1;9;8;14;2;1;1;0;0;1.Kas;10;21;1.Kas;11;18.May;1.Ara;9;20;1.Oca;Eki.87;29.23;1.Aðu;11;23;1.Eyl;12;23;36;1.Ara;1.Oca;12;Eki.41;34;24.69;32;Oca.31;Oca.28;3.Eyl;Mar.58;20;-2.5;Oca.89;Oca.85;2.Haz;2.Þub;1.Ara;Eyl.92;26.41
D1;3.11.2018;Hertha BSC;RB Leipzig;0;3;A;0;1;A;12;25;5;11;6;11;3;7;2;1;0;0;3.Þub;3.Nis;Þub.25;3.Mar;3.Nis;2.Þub;Þub.85;3.Mar;2.May;Mar.32;Mar.59;Þub.24;3.Oca;3.Nis;Þub.25;3.Þub;3.May;Þub.25;36;Mar.35;Mar.22;Mar.65;Mar.45;2.May;Þub.24;35;Oca.85;Oca.77;2.Kas;2.Nis;18;0.25;Oca.98;Oca.93;Oca.98;Oca.94;Mar.33;Mar.63;Þub.22
D1;3.11.2018;Bayer 04 Leverkusen;TSG 1899 Hoffenheim;1;4;A;1;2;A;21;10;9;4;6;17;6;7;0;2;0;0;2.Oca;4;3.Oca;Þub.15;3.Haz;Mar.25;2.Oca;3.Haz;Mar.35;Þub.23;3.Eyl;3.Ara;2.Þub;Mar.75;3;2.Þub;3.Aðu;3;34;Þub.25;Þub.17;4;Mar.82;Mar.35;3.Oca;33;1.May;Oca.43;3;Þub.76;18;-0.25;Oca.96;Oca.92;2.Þub;Oca.95;Þub.17;Mar.94;Mar.22
D1;3.11.2018;FC Schalke 04 04;Hannover 96;3;1;H;0;0;D;16;20;6;6;10;10;7;7;2;3;0;0;Oca.61;3.Aðu;6;Oca.62;3.Aðu;May.75;Oca.65;4;5.Oca;Oca.67;Mar.88;May.84;Oca.62;3.Aðu;5.May;Oca.67;3.Eyl;5.May;36;Oca.69;Oca.64;4.May;Mar.83;Haz.31;May.63;35;1.Eyl;Oca.83;2.May;Oca.97;20;-1;Þub.21;Þub.14;Oca.81;Oca.75;1.Tem;Mar.62;6.Tem
D1;3.11.2018;VfL Wolfsburg;Borussia Dortmund;0;1;A;0;1;A;13;12;3;1;6;9;6;14;0;2;0;0;3.Aðu;3.Aðu;1.Eyl;3.Aðu;Mar.75;Oca.91;4;3.Aðu;Oca.85;Mar.85;Mar.84;Oca.97;3.Haz;Mar.75;Oca.95;Mar.75;Mar.75;2;36;4;3.Aðu;3.Eyl;Mar.76;2;Oca.94;35;1.Tem;Oca.63;Þub.35;Þub.26;19;0.25;Þub.31;Þub.24;Oca.75;1.Tem;Mar.47;Mar.64;Þub.16
D1;4.11.2018;1. FSV Mainz 05;SV Werder Bremen;2;1;H;1;0;H;13;14;6;4;7;8;3;6;0;2;0;0;3;3.Nis;Þub.37;Þub.95;3.May;Þub.35;Mar.15;3.Mar;2.Mar;3.Nis;3.May;Þub.44;Þub.88;3.Nis;2.Nis;3;3.Nis;2.Nis;36;Mar.15;Þub.98;3.May;3.Nis;2.May;Þub.39;35;Oca.91;Oca.85;2.Þub;Oca.95;18;0;2.Þub;Þub.15;Oca.79;Oca.74;Þub.86;Mar.59;Þub.52
D1;4.11.2018;Borussia Mönchengladbach;Fortuna Düsseldorf;3;0;H;0;0;D;21;13;7;6;15;8;10;4;1;2;0;0;Oca.36;Nis.75;8;1.Nis;Nis.75;8;1.Nis;4.Aðu;7.May;Oca.37;May.33;8.May;Oca.38;5;7.May;Oca.36;May.25;8;36;1.Nis;Oca.38;5.May;5.Kas;8.Tem;8.May;34;Oca.53;Oca.48;Þub.76;2.Haz;19;-1.5;2.Haz;2.Mar;1.Eyl;Oca.85;Oca.42;4.Eyl;Tem.94
D1;9.11.2018;Hannover 96;VfL Wolfsburg;2;1;H;1;0;H;10;19;4;9;14;8;3;5;4;2;0;0;2.Eyl;3.Mar;Þub.37;2.Eyl;3.Nis;Þub.45;2.Eyl;3.Nis;2.Nis;3.Þub;Mar.47;Þub.46;Þub.88;3.Nis;2.Nis;2.Eyl;3.Nis;2.May;37;3.May;Þub.95;Mar.53;Mar.38;2.Haz;Þub.45;36;Oca.98;Oca.91;Oca.96;Oca.88;20;0.25;Oca.85;1.Aðu;Þub.14;2.Eyl;3;Mar.52;Þub.45
D1;10.11.2018;Borussia Dortmund;FC Bayern München;3;2;H;0;1;A;11;9;5;3;4;8;0;6;3;3;0;0;3.Oca;3.Aðu;2.Oca;3;3.Eyl;Þub.15;Þub.85;3.May;2.Nis;Mar.38;Mar.87;2.Ara;3.Þub;3.Tem;2.Oca;Mar.25;3.Eyl;2.Oca;37;3.Nis;Mar.23;4;Mar.81;2.Nis;2.Kas;35;Oca.65;1.Haz;Þub.43;Þub.31;19;0.25;2.Aðu;2.Mar;Oca.88;Oca.84;Mar.86;Nis.33;Oca.88
D1;10.11.2018;Fortuna Düsseldorf;Hertha BSC;4;1;H;0;0;D;20;11;9;5;15;15;2;6;1;3;0;1;3.Haz;3.Nis;2.Oca;3.May;3.May;2.Oca;3.Nis;3.May;2.Oca;Mar.47;Mar.53;2.Þub;Mar.25;3.May;Þub.15;3.Nis;3.May;Þub.15;37;3.Haz;Mar.41;3.Haz;Mar.47;2.Þub;Þub.15;36;Oca.91;Oca.85;2.Þub;Oca.94;19;0.25;2.May;2.Oca;1.Eyl;Oca.87;Mar.27;3.Tem;Þub.23
D1;10.11.2018;SC Freiburg;1. FSV Mainz 05;1;3;A;0;2;A;15;12;4;9;19;10;3;4;1;2;0;0;2;3.Nis;Mar.75;2.Oca;3.Nis;3.Haz;2.Oca;3.Nis;3.May;2.Ara;Mar.44;Mar.82;2.Oca;3.Mar;3.Haz;2.Oca;3.Nis;3.Tem;36;Þub.16;2.Oca;3.May;Mar.38;Mar.82;Mar.64;35;2.Oca;2.Oca;Oca.85;1.Aðu;19;-0.25;Oca.82;Oca.79;Þub.13;2.Aðu;Þub.31;3.Nis;Mar.35
D1;10.11.2018;TSG 1899 Hoffenheim;FC Augsburg;2;1;H;0;0;D;18;22;7;7;14;6;6;6;1;1;0;0;Oca.61;Nis.33;5;Oca.62;Nis.25;5;1.Tem;4;4.Tem;Oca.67;Nis.42;Nis.93;Oca.65;4.Þub;4.Haz;Oca.65;4.Nis;4.Aðu;37;1.Tem;Oca.65;4.Haz;Nis.29;May.21;Nis.83;32;Oca.45;1.Nis;3.May;Þub.87;22;-1;2.Oca;2.Þub;Oca.89;Oca.83;Oca.56;Nis.83;May.44
D1;10.11.2018;1. FC Nürnberg;VfB Stuttgart;0;2;A;0;0;D;10;13;3;4;14;10;3;9;1;0;0;0;2.Nis;Mar.25;3.Oca;Þub.45;3.Nis;2.Eyl;Þub.45;3.Nis;Þub.85;Þub.48;3.Nis;3.May;Þub.45;3.Mar;2.Eyl;2.May;3.Nis;2.Eyl;37;2.May;Þub.44;Mar.55;Mar.36;3.Oca;Þub.96;36;2.May;Oca.95;Oca.95;Oca.84;19;-0.25;Þub.15;2.Oca;Oca.82;Oca.79;Þub.49;Mar.47;Þub.99
D1;10.11.2018;SV Werder Bremen;Borussia Mönchengladbach;1;3;A;0;1;A;20;16;5;6;7;2;9;5;0;0;0;0;2.Nis;3.May;Þub.75;Þub.45;3.May;2.Aðu;2.May;3.May;2.Tem;Þub.39;Mar.77;Þub.93;Þub.35;3.Haz;2.Aðu;Þub.38;3.Tem;Þub.88;37;2.May;Þub.39;3.Aðu;Mar.62;Þub.93;Þub.84;35;Oca.61;Oca.57;Þub.52;2.Nis;19;-0.25;2.Ara;2.Haz;Oca.86;Oca.82;Þub.43;Mar.74;Þub.89
D1;11.11.2018;Eintracht Frankfurt;FC Schalke 04 04;3;0;H;0;0;D;14;5;4;1;7;13;10;4;0;2;0;0;2.Þub;3.Mar;3.Nis;2.Mar;3.Nis;3.Oca;2.Nis;3.Mar;Þub.95;Þub.27;Mar.45;3.Nis;Þub.25;3.Mar;3.Þub;Þub.25;3.Nis;3.Mar;37;2.Nis;Þub.27;Mar.46;Mar.35;3.Nis;Mar.26;36;2.Oca;Oca.99;Oca.87;Oca.81;19;-0.25;Oca.99;Oca.94;Oca.98;Oca.93;Þub.51;Mar.36;3.Nis
D1;11.11.2018;RB Leipzig;Bayer 04 Leverkusen;3;0;H;1;0;H;14;7;7;2;12;12;4;3;0;1;0;0;1.Aðu;4;4;Oca.85;3.Eyl;3.Eyl;1.Eyl;3.Tem;3.Eyl;Oca.83;4.Þub;4.Eyl;Oca.83;4;3.Aðu;Oca.85;4;4;37;1.Eyl;Oca.85;4.Þub;Mar.98;4.Oca;Mar.92;32;Oca.55;1.May;2.Tem;Þub.55;19;-0.75;Þub.14;2.Tem;Oca.85;1.Aðu;1.Eyl;Mar.97;4.Oca
D1;23.11.2018;Bayer 04 Leverkusen;VfB Stuttgart;2;0;H;0;0;D;17;10;4;2;13;8;6;9;3;3;0;0;1.May;4.May;6;Oca.55;Nis.33;May.75;Oca.57;4.Mar;5.May;Oca.51;Nis.65;Haz.44;1.May;4.Nis;6;Oca.53;4.May;Haz.25;37;Oca.57;Oca.52;Nis.75;Nis.44;6.May;6.Tem;35;1.Haz;Oca.52;Þub.65;Þub.48;24;-1;Oca.88;Oca.82;2.Kas;2.Nis;Oca.53;Nis.69;6.Mar
D1;24.11.2018;FC Augsburg;Eintracht Frankfurt;1;3;A;0;1;A;25;15;10;7;3;12;8;5;1;2;0;0;Þub.62;3.May;Þub.62;2.Haz;3.May;2.Haz;Þub.65;3.Nis;Þub.65;Þub.74;Mar.71;Þub.56;2.Haz;3.Haz;2.May;Þub.63;3.Tem;Þub.55;37;Þub.75;Þub.64;Mar.75;Mar.58;Þub.65;Þub.56;36;Oca.68;Oca.62;2.Nis;Þub.28;20;0.25;Oca.75;1.Tem;Þub.29;Þub.22;Þub.87;Mar.54;Þub.54
D1;24.11.2018;FC Bayern München;Fortuna Düsseldorf;3;3;D;2;1;H;17;9;5;5;4;7;9;2;0;1;0;0;1.Aðu;11;26;1.Eyl;11.May;23;1.Oca;9.Oca;28;1.Oca;Ara.83;22.69;1.Haz;12;26;1.Haz;13;26;37;1.Kas;1.Eyl;13.May;Kas.66;31;24.Þub;31;Oca.22;Oca.21;Nis.85;Nis.31;20;-2.75;Oca.85;Oca.81;Þub.13;2.Haz;1.Eyl;13.32;23.84
D1;24.11.2018;Hertha BSC;TSG 1899 Hoffenheim;3;3;D;1;2;A;23;13;8;6;9;13;8;5;1;2;0;0;3.Nis;Mar.75;2.Nis;3.Nis;3.Haz;2.Oca;3.Þub;3.May;2.Þub;Mar.42;Mar.86;2.Oca;Mar.25;3.Aðu;2.May;Mar.25;3.Eyl;2.Oca;36;Mar.45;Mar.29;4;Mar.77;2.Þub;2.Eyl;32;Oca.55;1.May;2.Tem;Þub.56;20;0.25;2.Kas;2.May;Oca.86;Oca.81;Mar.47;Mar.95;2.Haz
D1;24.11.2018;1. FSV Mainz 05;Borussia Dortmund;1;2;A;0;0;D;15;11;7;7;9;11;6;5;2;1;0;0;5.May;4;1.Haz;May.75;4.Oca;Oca.57;5;4;Oca.65;May.64;Nis.29;Oca.61;5;4.Þub;Oca.62;5.Nis;4.Þub;Oca.62;37;May.75;May.38;4.Nis;Nis.14;Oca.65;Oca.61;35;Oca.68;Oca.62;2.Nis;Þub.28;23;1;1.Eyl;Oca.83;2.Aðu;2.Þub;May.27;Nis.36;Oca.64
D1;24.11.2018;FC Schalke 04 04;1. FC Nürnberg;5;2;H;2;1;H;20;12;10;6;7;12;7;2;1;2;0;1;Oca.53;4;7;1.May;4;Tem.25;Oca.53;4.May;6.Haz;Oca.52;4.Eyl;Tem.83;1.May;3.Eyl;7.May;Oca.55;4;7;36;Oca.55;Oca.52;Nis.25;4;Tem.83;Tem.24;35;2.Nis;Oca.96;Oca.91;Oca.84;23;-1;Oca.93;Oca.87;2.Mar;Oca.97;Oca.52;4;8.Haz
D1;24.11.2018;VfL Wolfsburg;RB Leipzig;1;0;H;0;0;D;5;10;3;4;10;13;2;9;1;2;0;0;3.May;3.May;2.Oca;3.May;3.May;2.Oca;3.Mar;3.Nis;2.Þub;Mar.62;Mar.68;2.Eyl;3.Nis;3.May;2.Oca;3.May;3.Haz;2.Oca;37;Mar.65;Mar.48;3.Tem;Mar.56;2.Þub;2.Eyl;36;Oca.85;Oca.77;Þub.15;2.Nis;20;0.25;2.Ara;2.Haz;Oca.85;1.Aðu;3.Þub;Mar.46;Þub.36
D1;25.11.2018;SC Freiburg;SV Werder Bremen;1;1;D;1;0;H;23;19;9;8;6;10;6;3;0;2;0;0;Þub.87;3.Mar;2.May;Þub.75;3.May;2.May;Þub.75;3.Nis;Þub.55;Þub.81;Mar.48;Þub.62;2.Tem;3.Nis;Þub.55;2.Aðu;3.Nis;Þub.55;37;2.Eyl;Þub.78;Mar.55;3.Nis;Þub.62;Þub.53;36;1.Eyl;Oca.82;2.Tem;Oca.98;20;0.25;Oca.77;Oca.71;Þub.25;Þub.19;Þub.73;3.Nis;Þub.75
D1;25.11.2018;Borussia Mönchengladbach;Hannover 96;4;1;H;2;1;H;20;5;6;3;8;10;5;5;1;1;0;0;Oca.44;4.May;7;Oca.48;4.Nis;7;1.May;4.Mar;6.May;Oca.46;Nis.93;Haz.95;Oca.42;Nis.75;7;Oca.45;4.Aðu;6.May;37;1.May;Oca.45;5;Nis.71;7.Þub;Haz.68;30;Oca.53;Oca.47;Þub.76;Þub.62;23;-1;Oca.77;Oca.71;Þub.28;Þub.18;Oca.42;May.14;Tem.58
D1;30.11.2018;Fortuna Düsseldorf;1. FSV Mainz 05;0;1;A;0;0;D;20;15;7;3;8;7;12;5;1;1;0;0;2.Tem;3.Mar;2.Haz;Þub.65;3.Mar;2.Tem;2.Tem;3.Þub;2.Tem;Þub.76;Mar.51;Þub.65;2.Tem;3.Nis;Þub.55;Þub.75;3.Nis;Þub.63;33;2.Aðu;2.Tem;Mar.55;Mar.39;2.Tem;Þub.62;35;1.Eyl;Oca.81;2.Tem;2;20;-0.25;2.Nis;Þub.32;Oca.69;Oca.65;Þub.63;Mar.53;Þub.77
D1;1.12.2018;Borussia Dortmund;SC Freiburg;2;0;H;1;0;H;11;5;4;1;6;11;2;3;1;1;0;0;Oca.28;5.May;11;Oca.28;5.May;11;1.Mar;5.Haz;9.May;Oca.31;May.64;Eki.51;Oca.29;5.May;10;1.Mar;May.75;11;37;Oca.32;1.Mar;6;May.57;11.May;Eki.35;33;Oca.55;1.May;Þub.79;Þub.55;22;-1.5;Oca.87;Oca.82;2.Ara;2.May;Oca.32;5.Aðu;9.Aðu
D1;1.12.2018;Hannover 96;Hertha BSC;0;2;A;0;1;A;10;14;2;8;9;14;3;6;2;3;0;0;2.Tem;3.Nis;2.Haz;Þub.65;3.Nis;Þub.65;2.Tem;3.Þub;2.Tem;Þub.71;Mar.53;Þub.68;Þub.62;3.Nis;2.Haz;Þub.63;3.May;Þub.63;37;2.Aðu;Þub.66;3.Haz;Mar.44;Þub.75;Þub.63;36;Oca.75;1.Tem;Þub.27;Þub.14;20;0.25;Oca.71;Oca.68;Þub.35;Þub.25;Þub.65;Mar.55;Þub.73
D1;1.12.2018;TSG 1899 Hoffenheim;FC Schalke 04 04;1;1;D;0;0;D;20;13;7;5;11;13;4;10;3;3;0;0;1.Aðu;3.Aðu;Nis.33;Oca.85;3.Aðu;4.Oca;Oca.95;3.May;3.Eyl;Oca.81;Nis.13;4.Mar;Oca.78;3.Eyl;4.Þub;Oca.83;4;4.Oca;37;Oca.95;Oca.82;Nis.15;Mar.94;4.Nis;4.Oca;35;Oca.57;Oca.52;Þub.65;Þub.49;22;-1;Þub.65;Þub.42;Oca.65;Oca.59;Oca.88;Mar.85;Nis.21
D1;1.12.2018;VfB Stuttgart;FC Augsburg;1;0;H;1;0;H;13;17;3;4;11;10;3;8;4;2;0;0;2.Haz;3.Mar;Þub.75;2.Haz;3.Nis;2.Tem;2.May;3.Nis;2.Aðu;Þub.69;Mar.49;Þub.73;2.Haz;3.Nis;Þub.62;Þub.63;3.Nis;Þub.75;37;Þub.75;2.Haz;Mar.55;3.Nis;2.Aðu;Þub.72;36;Oca.86;1.Aðu;2.Oca;2.Oca;21;-0.25;2.Mar;Þub.24;Oca.74;Oca.69;Þub.76;3.Nis;Þub.71
D1;1.12.2018;SV Werder Bremen;FC Bayern München;1;2;A;1;1;D;9;16;3;5;13;8;3;10;3;2;1;0;7;May.25;1.Nis;Tem.25;5;1.Nis;6.Þub;5;Oca.45;Tem.53;5.Haz;Oca.42;7.May;5;Oca.38;7.May;May.25;1.Nis;37;8;Tem.38;May.35;5.Oca;Oca.45;1.Nis;33;Oca.48;Oca.42;Þub.95;Þub.77;22;1.May;Oca.85;1.Aðu;Þub.13;2.Tem;Tem.83;May.73;Oca.37
D1;2.12.2018;Eintracht Frankfurt;VfL Wolfsburg;1;2;A;0;1;A;13;10;2;3;10;9;9;3;3;7;0;0;1.Aðu;4;4.Oca;Oca.85;3.Tem;4.Þub;Oca.75;3.Tem;4.Aðu;Oca.87;3.Tem;Nis.51;Oca.78;3.Tem;Nis.33;1.Aðu;3.Eyl;Nis.33;37;Oca.87;Oca.82;4;Mar.69;4.Aðu;Nis.42;36;Oca.92;Oca.84;2.Nis;Oca.96;22;-1;Þub.66;Þub.51;1.Haz;Oca.55;2.Mar;Mar.62;Mar.89
D1;2.12.2018;RB Leipzig;Borussia Mönchengladbach;2;0;H;2;0;H;14;7;6;4;9;9;5;4;2;2;0;0;1.Eyl;Mar.75;Mar.75;1.Eyl;3.Eyl;Mar.75;2;3.Haz;3.Haz;1.Eyl;4.Tem;Mar.91;Oca.88;3.Eyl;3.Tem;Oca.87;4.Þub;Mar.75;37;2;Oca.89;4.Þub;Mar.93;4.May;Mar.78;35;Oca.57;Oca.51;Þub.65;Þub.52;21;-1;Þub.75;Þub.55;1.Haz;Oca.53;Oca.75;Nis.29;Nis.45
D1;3.12.2018;1. FC Nürnberg;Bayer 04 Leverkusen;1;1;D;0;1;A;11;20;4;6;14;10;3;6;3;2;0;0;4.Þub;4;1.Aðu;Nis.33;3.Eyl;Oca.78;4.Oca;3.Tem;Oca.85;Nis.46;4.Þub;1.Aðu;Nis.33;3.Eyl;Oca.75;4.Þub;4;1.Aðu;36;4.Haz;Nis.34;Nis.15;Mar.92;Oca.85;Oca.78;34;Oca.66;1.Haz;Þub.45;Þub.31;20;1;1.Tem;Oca.61;Þub.45;Þub.38;5;4.Haz;Oca.72
D1;7.12.2018;SV Werder Bremen;Fortuna Düsseldorf;3;1;H;1;1;D;22;12;9;3;13;18;6;4;3;4;0;0;Oca.72;4;4.May;1.Tem;4;Nis.75;Oca.75;3.Aðu;4.Haz;Oca.75;Mar.91;5.Oca;1.Tem;3.Aðu;4.Aðu;Oca.75;4;4.Haz;37;Oca.78;Oca.73;4.May;3.Eyl;5.Þub;4.Tem;31;Oca.55;Oca.51;Þub.66;Þub.52;23;-1;Þub.31;Þub.24;Oca.74;Oca.68;Oca.86;Mar.74;Nis.49
D1;8.12.2018;FC Bayern München;1. FC Nürnberg;3;0;H;2;0;H;20;4;8;1;9;6;11;1;1;0;0;0;1.Aðu;11;34;1.Eyl;10.May;29;1.Oca;9.May;25;1.Eyl;Kas.83;32.32;1.Tem;10;34;1.Tem;12;36;36;1.Kas;1.Eyl;13;Kas.27;41;29.87;31;1.Mar;Oca.26;4.Oca;Mar.76;23;-3;2.Þub;Þub.13;1.Aðu;Oca.75;1.Eyl;Ara.59;32.84
D1;8.12.2018;SC Freiburg;RB Leipzig;3;0;H;2;0;H;12;15;9;4;9;16;3;12;1;2;0;0;4;4;Oca.83;4.Þub;3.Eyl;1.Aðu;4.Nis;3.May;Oca.85;4.Tem;Mar.89;Oca.91;3.Eyl;3.Aðu;Oca.85;4;4;Oca.87;37;4.Nis;4.Nis;4;Mar.83;Oca.92;Oca.87;35;Oca.76;Oca.71;Þub.22;Þub.13;21;0.5;2.May;Oca.99;Oca.92;Oca.87;Nis.55;Mar.99;Oca.79
D1;8.12.2018;Hertha BSC;Eintracht Frankfurt;1;0;H;1;0;H;7;18;4;4;15;14;5;9;1;0;0;0;Þub.45;3.Mar;2.Eyl;2.Haz;3.Haz;2.Haz;2.Tem;3.Nis;2.Haz;Þub.65;Mar.54;Þub.74;2.Haz;3.Nis;Þub.62;Þub.55;3.May;2.Tem;37;2.Tem;Þub.57;Mar.65;Mar.49;2.Eyl;Þub.69;35;1.Tem;Oca.64;Þub.35;Þub.24;20;0;Oca.95;Oca.89;2.Nis;Oca.97;Þub.66;Mar.63;Þub.68
D1;8.12.2018;Bayer 04 Leverkusen;FC Augsburg;1;0;H;0;0;D;21;13;7;1;11;17;4;2;1;2;0;0;Oca.66;4;5;Oca.65;Nis.33;Nis.75;Oca.65;4.Oca;5;Oca.71;4.Mar;Nis.72;Oca.67;4.Þub;4.May;1.Tem;Nis.33;4.Haz;37;Oca.71;Oca.67;Nis.45;Nis.22;5;Nis.71;33;Oca.59;Oca.52;Þub.65;Þub.48;23;-1;2.Þub;Þub.13;Oca.82;Oca.75;Oca.76;4.Oca;Nis.73
D1;8.12.2018;FC Schalke 04 04;Borussia Dortmund;1;2;A;0;1;A;6;10;3;3;12;9;3;1;4;3;0;0;3.Mar;3.Nis;2.Þub;3.Nis;3.Nis;Þub.15;3.Mar;3.Nis;2.Þub;Mar.42;Mar.49;Þub.24;3.Mar;3.Nis;Þub.15;3.Mar;3.Haz;2.Þub;37;Mar.45;Mar.34;3.Haz;Mar.48;Þub.25;Þub.18;35;1.Aðu;Oca.72;2.Þub;2.Ara;21;0.25;2.Þub;Oca.97;Oca.93;Oca.89;Mar.26;3.Haz;Þub.27
D1;8.12.2018;VfL Wolfsburg;TSG 1899 Hoffenheim;2;2;D;2;1;H;10;19;3;6;9;9;6;4;1;2;0;0;3;3.Haz;2.Mar;3;3.May;2.Mar;2.Eyl;3.Nis;2.Nis;3.Nis;Mar.81;Þub.31;2.Eyl;3.Tem;Þub.25;2.Eyl;3.Tem;2.Mar;36;3.Oca;Þub.97;Mar.81;Mar.66;2.Nis;Þub.29;32;Oca.56;Oca.52;Þub.65;2.May;20;0.25;Oca.91;Oca.88;2.Mar;Oca.98;3.Eyl;Mar.85;Þub.26
D1;9.12.2018;1. FSV Mainz 05;Hannover 96;1;1;D;0;1;A;28;11;5;3;12;9;9;1;4;3;0;1;1.Eyl;3.Haz;4;Oca.91;3.Haz;4;2;3.May;3.Tem;Oca.99;Mar.51;Nis.16;Oca.91;3.May;4;Oca.95;3.Tem;3.Aðu;37;2.Oca;Oca.96;3.Tem;Mar.54;Nis.16;Mar.93;35;Oca.86;1.Aðu;2.Oca;2;20;-0.75;Þub.31;Þub.25;Oca.72;Oca.68;Oca.92;Mar.63;Nis.35
D1;9.12.2018;Borussia Mönchengladbach;VfB Stuttgart;3;0;H;0;0;D;23;7;7;2;7;12;7;4;2;4;0;1;Oca.44;Nis.33;7;1.May;Nis.33;6.May;Oca.45;4.May;7;Oca.51;Nis.42;Haz.96;Oca.47;Nis.33;6.May;1.May;4.May;6.May;37;Oca.54;Oca.49;4.Tem;Nis.42;Tem.27;Haz.65;33;Oca.61;Oca.56;Þub.55;Þub.41;23;-1;Oca.85;Oca.79;2.Ara;2.Tem;1.Haz;Nis.39;May.62
D1;14.12.2018;1. FC Nürnberg;VfL Wolfsburg;0;2;A;0;0;D;11;10;0;4;13;13;6;3;2;1;0;0;3.Haz;3.May;2.Nis;3.Haz;3.Nis;2.Oca;3.Nis;3.Nis;Þub.15;Mar.76;Mar.51;2.Oca;3.Haz;3.Nis;2.May;3.Haz;3.May;2.Oca;36;3.Eyl;Mar.64;Mar.59;Mar.44;Þub.15;2.Eyl;34;2.May;Oca.96;Oca.96;Oca.85;21;0.5;Oca.85;Oca.79;Þub.15;2.Aðu;Mar.72;Mar.53;2.Kas
D1;15.12.2018;FC Augsburg;FC Schalke 04 04;1;1;D;1;0;H;17;15;9;5;17;8;6;7;2;1;0;0;2.May;Mar.25;2.Eyl;Þub.55;3.Mar;2.Aðu;Þub.65;3.Nis;Þub.65;Þub.57;Mar.41;Þub.92;2.May;3.Mar;2.Aðu;Þub.55;3.Mar;Þub.88;36;Þub.65;Þub.53;Mar.45;Mar.32;Þub.93;Þub.84;34;2.Oca;Oca.94;Oca.95;Oca.86;21;-0.25;Þub.23;Þub.17;Oca.77;Oca.73;Þub.69;Mar.42;Þub.77
D1;15.12.2018;Borussia Dortmund;SV Werder Bremen;2;1;H;2;1;H;16;9;9;5;11;14;4;10;1;4;0;0;Oca.36;May.25;8;Oca.42;Nis.75;Tem.25;1.Nis;4.Aðu;7.Haz;Oca.39;May.42;Tem.85;Oca.36;May.25;7.May;1.Nis;May.25;7.May;36;Oca.43;Oca.39;5.May;5.Ara;8.Þub;Tem.49;30;Oca.44;Oca.39;3.Oca;Þub.91;23;-1.5;2.Haz;2.Oca;1.Eyl;Oca.84;Oca.38;May.34;Aðu.37
D1;15.12.2018;Fortuna Düsseldorf;SC Freiburg;2;0;H;0;0;D;20;6;8;2;13;9;4;1;2;1;0;0;Þub.75;3.Mar;2.Haz;2.Haz;3.May;Þub.65;Þub.65;3.Nis;Þub.65;Þub.84;Mar.39;Þub.65;Þub.75;3.Mar;Þub.55;2.Aðu;3.Nis;2.Haz;36;Þub.85;Þub.75;3.May;Mar.34;2.Tem;Þub.61;34;Oca.96;Oca.89;Oca.96;1.Eyl;21;0.25;Oca.75;Oca.69;Þub.29;Þub.23;Þub.64;Mar.41;Þub.83
D1;15.12.2018;Hannover 96;FC Bayern München;0;4;A;0;2;A;3;32;0;14;9;5;0;14;1;0;0;0;11;7;Oca.22;11.May;Haz.75;Oca.22;10;6;Oca.27;Kas.28;Haz.59;Oca.26;11;6.May;Oca.22;12;7;Oca.25;36;Ara.75;11.Ara;Tem.25;Haz.61;Oca.28;Oca.24;30;Oca.37;Oca.33;3.Nis;Mar.21;23;2;1.Eyl;Oca.82;Þub.15;2.Mar;Ara.32;Tem.26;Oca.23
D1;15.12.2018;TSG 1899 Hoffenheim;Borussia Mönchengladbach;0;0;D;0;0;D;27;5;6;1;9;10;6;2;0;2;0;0;1.Eyl;4;3.Haz;Oca.95;3.Eyl;3.May;2.Þub;3.May;3.Þub;Oca.96;Nis.31;Mar.51;Oca.91;4.Þub;3.Nis;2;4.Þub;3.Nis;36;2.Þub;Oca.95;Nis.35;4.Kas;3.Haz;Mar.43;30;Oca.36;Oca.33;Mar.45;Mar.17;21;-0.5;2.Þub;Oca.95;Oca.96;Oca.91;Oca.79;Nis.57;Mar.98
D1;15.12.2018;VfB Stuttgart;Hertha BSC;2;1;H;0;1;A;9;15;4;3;11;13;5;5;1;3;0;0;2.Tem;3.Nis;Þub.62;2.Haz;3.May;Þub.65;2.Haz;Mar.35;2.Tem;Þub.83;Mar.46;Þub.62;2.Tem;3.Nis;Þub.55;2.Tem;3.May;Þub.63;36;Þub.83;Þub.73;Mar.55;Mar.39;2.Tem;2.Haz;34;Oca.83;Oca.77;2.Kas;2.Nis;21;0.25;Oca.75;1.Tem;Þub.27;Þub.22;Þub.58;Mar.44;Þub.88
D1;16.12.2018;Eintracht Frankfurt;Bayer 04 Leverkusen;2;1;H;1;0;H;17;12;7;6;9;8;10;7;6;2;0;0;2.Nis;3.May;Þub.87;2.Nis;3.May;2.Eyl;2.Nis;3.May;Þub.85;Þub.38;Mar.71;Þub.99;2.Mar;3.Haz;Þub.88;2.Nis;3.Haz;2.Eyl;36;2.Nis;Þub.35;Mar.75;Mar.58;3;Þub.91;33;Oca.66;1.Haz;Þub.43;Þub.31;20;0;Oca.78;Oca.74;Þub.21;Þub.14;Þub.51;Mar.87;Þub.72
D1;16.12.2018;RB Leipzig;1. FSV Mainz 05;4;1;H;2;1;H;17;11;7;5;9;13;6;2;3;3;0;0;1.Nis;Nis.75;7.May;Oca.45;4.Haz;7;1.May;4.Mar;6.May;Oca.44;Nis.83;Tem.53;Oca.42;Nis.75;7;1.Nis;5;7.May;35;1.May;Oca.43;5.Oca;4.Aðu;7.Aðu;7.Tem;31;1.Haz;Oca.56;2.Haz;Þub.41;23;-1.5;Þub.35;Þub.17;1.Aðu;Oca.72;1.May;Nis.48;7.Þub
D1;18.12.2018;Fortuna Düsseldorf;Borussia Dortmund;2;1;H;1;0;H;8;11;3;3;8;13;2;2;1;2;0;0;7;4.May;Oca.44;7;4.Haz;Oca.45;7;4.May;Oca.45;7.Ara;Nis.63;Oca.48;7;4.Nis;Oca.44;6.May;4.Haz;1.May;36;Tem.26;Haz.79;4.Aðu;Nis.56;1.May;Oca.46;33;Oca.58;Oca.53;Þub.56;Þub.46;23;1.May;1.Tem;Oca.66;Þub.33;Þub.27;6.Haz;Nis.58;Oca.55
D1;18.12.2018;Hertha BSC;FC Augsburg;2;2;D;2;2;D;17;8;7;2;17;13;3;2;1;0;0;0;2.Mar;3.Nis;3.Oca;Þub.25;3.Mar;3.Mar;Þub.25;Mar.45;Mar.15;Þub.31;Mar.46;3.Mar;2.Þub;3.Nis;3.Þub;2.Mar;3.May;3.Þub;36;Þub.32;Þub.27;Mar.55;Mar.41;3.Mar;3.Þub;33;Oca.82;Oca.76;Þub.13;2.Haz;20;-0.5;Þub.31;Þub.26;Oca.72;Oca.68;Þub.28;Mar.46;Mar.35
D1;18.12.2018;Borussia Mönchengladbach;1. FC Nürnberg;2;0;H;0;0;D;17;7;7;2;5;19;6;7;2;3;0;0;Oca.36;5.May;7;Oca.36;May.75;7;Oca.37;5;8;Oca.39;May.16;Aðu.49;Oca.35;May.25;8;Oca.36;5.May;8;35;Oca.39;Oca.37;May.75;May.23;Aðu.55;Tem.87;32;Oca.53;Oca.48;Þub.79;Þub.62;22;-1.5;2.Haz;2.Þub;Oca.88;Oca.84;Oca.38;5.Ara;Aðu.65
D1;18.12.2018;VfL Wolfsburg;VfB Stuttgart;2;0;H;2;0;H;16;11;5;1;10;17;4;8;1;2;0;0;Oca.66;Mar.75;5.May;Oca.72;3.Tem;5;Oca.75;3.Eyl;4.May;Oca.72;Mar.74;May.55;Oca.67;3.Haz;5.May;Oca.73;3.Aðu;May.25;36;Oca.75;1.Tem;3.Eyl;Mar.68;5.Aðu;May.33;33;Oca.98;Oca.91;Oca.94;Oca.89;21;-1;Þub.32;Þub.26;Oca.71;Oca.67;Oca.63;Mar.95;6.Kas
D1;19.12.2018;FC Bayern München;RB Leipzig;1;0;H;0;0;D;10;8;4;2;9;20;5;5;2;2;1;1;Oca.36;May.25;8;Oca.36;May.25;8;Oca.45;4.May;7;Oca.38;May.36;Aðu.21;Oca.35;May.25;8;Oca.36;5.May;8;35;Oca.45;Oca.37;May.55;May.16;Aðu.75;Tem.93;33;Oca.46;Oca.41;3;Þub.82;21;-1.5;2.Þub;2;1.Eyl;Oca.85;1.Mar;May.84;Eki.45
D1;19.12.2018;SC Freiburg;Hannover 96;1;1;D;1;1;D;14;18;7;3;13;14;5;2;0;2;0;0;Oca.85;3.Haz;4;Oca.95;3.May;4;1.Eyl;3.Tem;3.Eyl;Oca.93;Mar.83;4.Mar;Oca.88;3.Tem;3.Eyl;Oca.93;Mar.75;3.Eyl;36;Oca.98;Oca.92;Mar.85;Mar.65;4.May;3.Eyl;33;Oca.83;Oca.77;Þub.13;2.Nis;19;-0.25;Oca.71;Oca.68;Þub.32;Þub.24;Oca.81;Mar.93;Nis.55
D1;19.12.2018;1. FSV Mainz 05;Eintracht Frankfurt;2;2;D;2;2;D;17;12;6;4;13;15;3;2;3;3;0;0;3.Þub;3.May;2.Þub;3.Oca;3.May;Þub.25;Mar.15;Mar.55;2.Þub;3.Mar;Mar.62;Þub.24;3.Þub;3.May;Þub.15;3.Þub;3.May;Þub.25;36;Mar.31;Mar.19;Mar.65;Mar.52;Þub.35;Þub.22;33;Oca.79;Oca.74;Þub.17;2.Aðu;19;0;Þub.42;Þub.33;Oca.67;Oca.63;Mar.34;Mar.67;2.Þub
D1;19.12.2018;FC Schalke 04 04;Bayer 04 Leverkusen;1;2;A;1;2;A;18;8;4;5;14;19;7;1;4;4;0;0;2.Nis;3.May;2.Eyl;Þub.45;3.Nis;Þub.85;Þub.45;3.Nis;Þub.85;Þub.56;Mar.45;Þub.91;2.May;3.Mar;2.Aðu;2.May;3.Nis;2.Eyl;36;Þub.56;Þub.48;3.May;Mar.37;Þub.96;Þub.86;33;Oca.92;Oca.86;2;Oca.94;19;-0.25;Þub.21;Þub.15;Oca.79;Oca.75;Þub.54;Mar.41;Þub.95
D1;19.12.2018;SV Werder Bremen;TSG 1899 Hoffenheim;1;1;D;0;1;A;26;14;5;4;7;13;6;3;0;1;0;0;3.Oca;4.Þub;2.Nis;Mar.25;4;2.May;Mar.25;4;2.May;Mar.26;4.Tem;2.Kas;3.Þub;3.Eyl;2.May;3.Þub;4;2.Oca;35;Mar.35;Mar.21;Nis.15;Mar.98;2.Ara;2.Haz;33;Oca.41;Oca.37;3.Þub;Þub.99;19;0.5;Oca.86;Oca.81;2.Kas;2.May;Mar.22;4.Aðu;Þub.13
D1;21.12.2018;Borussia Dortmund;Borussia Mönchengladbach;2;1;H;1;1;D;12;3;4;2;5;12;4;2;0;1;0;0;1.May;4.May;May.75;Oca.57;4.Nis;May.25;Oca.57;4.May;5.Þub;Oca.56;Nis.65;May.67;Oca.53;4.Nis;5.May;Oca.55;4.Haz;May.75;36;1.Haz;Oca.55;4.Aðu;Nis.52;5.Eyl;May.55;35;1.May;Oca.43;Þub.95;Þub.76;24;-1;Oca.93;Oca.87;2.Haz;2;1.May;Nis.92;Haz.28
D1;22.12.2018;Eintracht Frankfurt;FC Bayern München;0;3;A;0;1;A;10;9;3;7;9;4;3;4;2;1;0;0;May.75;Nis.75;1.May;6;4.Haz;1.May;5.Tem;4.Tem;1.May;May.97;Nis.67;Oca.54;5.Aðu;4.Haz;1.May;May.75;4.Aðu;Oca.53;35;6.Mar;May.73;5.Oca;Nis.66;Oca.56;Oca.52;34;1.May;Oca.45;Þub.83;Þub.67;22;1;2.Oca;2.Nis;Oca.86;Oca.82;Haz.62;5.Mar;Oca.44
D1;22.12.2018;Hannover 96;Fortuna Düsseldorf;0;1;A;0;0;D;17;13;3;6;14;19;4;6;2;3;0;0;2.Þub;3.Nis;3.Mar;2.Þub;3.Nis;3.Mar;Þub.35;3.Mar;3.May;Þub.24;3.Haz;Mar.31;2.Þub;3.Nis;3.Þub;Þub.25;3.May;3.Þub;36;Þub.35;Þub.24;3.Haz;Mar.46;Mar.31;Mar.21;34;Oca.77;Oca.72;Þub.22;2.Ara;20;0;1.Tem;Oca.64;Þub.42;Þub.33;Þub.53;Mar.44;Þub.95
D1;22.12.2018;Bayer 04 Leverkusen;Hertha BSC;3;1;H;2;1;H;15;13;7;8;3;12;4;5;0;1;0;0;Oca.72;4;4.May;1.Tem;4.Oca;4.Haz;Oca.75;3.Eyl;4.Nis;1.Tem;Nis.31;Nis.79;Oca.67;4.Þub;4.Haz;1.Tem;4.Þub;Nis.75;36;Oca.75;1.Tem;Nis.35;Nis.14;4.Eyl;Nis.65;33;Oca.65;1.Haz;Þub.45;Þub.33;23;-1;Þub.26;2.Þub;1.Aðu;Oca.71;Oca.69;4.Nis;May.27
D1;22.12.2018;1. FC Nürnberg;SC Freiburg;0;1;A;0;1;A;16;7;3;3;16;16;12;3;2;3;0;0;Þub.62;3.Mar;2.Tem;2.Haz;3.Nis;2.Tem;Þub.65;3.Mar;2.Tem;Þub.76;Mar.32;Þub.77;Þub.62;3.Þub;2.Tem;2.Tem;3.Mar;Þub.75;36;Þub.77;Þub.67;3.Nis;Mar.28;2.Aðu;Þub.72;34;2.Haz;Oca.97;1.Eyl;Oca.83;20;0;Oca.96;Oca.92;2;Oca.95;Þub.94;Mar.34;Þub.59
D1;22.12.2018;RB Leipzig;SV Werder Bremen;3;2;H;2;0;H;11;15;5;6;15;9;4;4;2;0;0;0;Oca.44;4.May;7;1.May;4.Nis;Haz.25;1.May;4.Tem;5.Tem;1.May;Nis.93;Haz.16;Oca.44;Nis.75;6.May;1.May;4.Aðu;6;36;Oca.52;Oca.49;5;Nis.69;7;Haz.17;35;Oca.55;Oca.48;Þub.76;Þub.59;23;-1.5;Þub.35;Þub.28;1.Tem;Oca.65;1.May;Nis.55;Haz.92
D1;22.12.2018;VfB Stuttgart;FC Schalke 04 04;1;3;A;0;1;A;17;15;5;6;9;17;2;5;3;5;0;0;3.Þub;3.Mar;2.Mar;3.Oca;Mar.25;2.Nis;2.Aðu;3.Nis;2.May;Mar.27;Mar.26;Þub.42;3.Oca;3.Þub;Þub.35;3.Þub;3.Mar;Þub.38;36;3.Mar;Mar.16;3.Nis;Mar.24;2.May;Þub.38;34;2.Þub;2.Eyl;Oca.79;Oca.74;20;0;Þub.31;Þub.24;Oca.75;Oca.69;Mar.53;Mar.28;Þub.29
D1;23.12.2018;FC Augsburg;VfL Wolfsburg;2;3;A;0;2;A;10;16;4;5;12;11;3;4;2;3;0;0;2.Haz;3.Mar;Þub.75;Þub.55;3.Nis;Þub.75;2.Tem;3.Þub;2.Tem;Þub.64;Mar.28;Þub.93;Þub.55;3.Þub;2.Aðu;Þub.55;3.Mar;Þub.88;35;2.Tem;Þub.58;3.Nis;Mar.26;Þub.93;Þub.83;33;2.Tem;Oca.97;Oca.89;Oca.83;19;-0.25;2.Mar;Þub.19;Oca.76;Oca.72;2.Tem;Mar.35;Þub.81
D1;23.12.2018;TSG 1899 Hoffenheim;1. FSV Mainz 05;1;1;D;1;1;D;28;12;7;5;11;10;9;2;1;0;0;0;Oca.44;4.May;6.May;Oca.45;Nis.75;6.May;1.May;4.May;6.Oca;Oca.52;Nis.77;Haz.13;1.May;4.May;5.Aðu;1.May;4.Aðu;6;34;Oca.55;Oca.49;5.Þub;Nis.69;7;6.Kas;33;Oca.45;Oca.39;3.Oca;2.Eyl;22;-1.5;Þub.33;Þub.25;Oca.77;Oca.67;Oca.66;Nis.28;May.16
D1;18.01.2019;TSG 1899 Hoffenheim;FC Bayern München;1;3;A;0;2;A;13;21;5;9;13;9;2;6;3;2;0;0;6;5;Oca.44;Haz.25;Nis.75;Oca.48;5.Mar;4.Þub;1.Haz;Haz.52;Nis.94;Oca.48;6.May;Nis.75;Oca.44;6.May;5;Oca.45;36;6.Aðu;Haz.32;5.Þub;Nis.88;1.Haz;Oca.47;33;Oca.43;Oca.39;Mar.15;Þub.94;22;1;2.Mar;Þub.22;Oca.93;Oca.71;Haz.25;5.Kas;Oca.48
D1;19.01.2019;FC Augsburg;Fortuna Düsseldorf;1;2;A;0;1;A;13;11;6;3;13;9;5;3;3;1;0;0;1.Eyl;3.Haz;4;Oca.85;3.Haz;Nis.33;2;3.Nis;3.Aðu;Oca.91;Mar.76;Nis.21;Oca.88;3.Haz;4;Oca.93;3.Aðu;3.Eyl;36;2;1.Eyl;Mar.85;Mar.66;Nis.33;4.Tem;35;Oca.81;Oca.76;Þub.16;2.Tem;22;-1;2.Aðu;Þub.65;Oca.55;1.May;Þub.14;Mar.59;Mar.58
D1;19.01.2019;Eintracht Frankfurt;SC Freiburg;3;1;H;3;0;H;9;21;4;7;13;8;5;5;2;1;0;0;Oca.65;4;May.25;Oca.65;3.Eyl;May.25;1.Tem;3.Aðu;5;Oca.66;4.Oca;May.59;Oca.62;4;May.25;Oca.65;4.Þub;5.Þub;36;1.Tem;Oca.65;4.Þub;Mar.99;5.Haz;5.Mar;35;Oca.81;Oca.75;2.Þub;2.Aðu;24;-1;Þub.16;2.Kas;Oca.83;Oca.77;Oca.56;Nis.29;Haz.33
D1;19.01.2019;Hannover 96;SV Werder Bremen;0;1;A;0;1;A;10;23;1;13;17;19;7;8;3;1;0;0;Mar.25;3.Haz;Þub.15;3.Oca;3.Haz;2.Þub;Þub.85;3.May;2.Nis;Mar.29;Mar.68;Þub.22;3.Oca;3.May;2.Þub;Mar.13;3.Haz;Þub.25;36;3.Mar;Mar.15;Mar.75;3.Haz;2.Nis;Þub.22;35;1.Tem;Oca.66;Þub.31;Þub.22;21;0;Þub.42;Þub.32;1.Tem;Oca.64;Mar.55;Mar.79;2.Aðu
D1;19.01.2019;Bayer 04 Leverkusen;Borussia Mönchengladbach;0;1;A;0;1;A;22;7;10;3;9;14;10;3;1;2;0;0;2;3.Tem;3.Haz;2;3.Aðu;3.May;2.Oca;3.Haz;Mar.35;Oca.98;Mar.99;Mar.67;Oca.95;3.Aðu;3.May;2;3.Eyl;3.May;36;2.Oca;Oca.99;4.May;Mar.84;3.Tem;Mar.53;34;Oca.55;1.May;Þub.76;Þub.57;21;-0.5;2.Oca;Oca.97;Oca.95;Oca.89;Oca.91;4.Oca;Mar.94
D1;19.01.2019;RB Leipzig;Borussia Dortmund;0;1;A;0;1;A;12;8;5;4;12;9;6;7;3;2;0;0;2.May;3.May;Þub.75;2.May;3.May;Þub.75;2.Haz;3.Nis;Þub.65;Þub.54;Mar.55;Þub.86;2.May;3.Nis;Þub.75;2.May;3.May;2.Aðu;36;2.Haz;Þub.51;Mar.65;Mar.47;2.Eyl;Þub.78;35;Oca.73;Oca.68;2.Mar;Þub.18;21;0;Oca.86;Oca.83;2.Aðu;2.Nis;Þub.37;Mar.55;3.Kas
D1;19.01.2019;VfB Stuttgart;1. FSV Mainz 05;2;3;A;0;2;A;28;14;8;4;9;16;13;8;2;2;0;0;2.Nis;3.Mar;2.Eyl;2.Mar;3.Nis;3.Oca;2.Mar;3.Mar;Mar.15;Þub.52;Mar.35;3.Nis;2.Nis;3.Þub;3;2.May;3.Mar;2.Eyl;36;Þub.54;Þub.43;Mar.45;Mar.29;3.Mar;3.Þub;35;2;Oca.92;Oca.96;Oca.89;21;0;Oca.83;Oca.75;Þub.19;Þub.14;Þub.46;Mar.52;Þub.99
D1;20.01.2019;1. FC Nürnberg;Hertha BSC;1;3;A;1;1;D;14;16;3;8;13;9;4;4;2;1;0;0;3.May;3.Nis;2.Oca;3.Þub;3.Nis;Þub.25;Mar.15;3.Mar;2.Mar;Mar.53;Mar.47;2.Þub;3.Mar;3.Mar;2.Þub;3.Nis;3.Nis;2.Þub;36;Mar.53;Mar.35;3.May;Mar.37;2.Mar;Þub.21;35;2.May;Oca.98;1.Eyl;Oca.82;21;0.25;2.Mar;Oca.98;Oca.93;Oca.89;3.Eyl;Mar.47;Þub.42
D1;20.01.2019;FC Schalke 04 04;VfL Wolfsburg;2;1;H;1;1;D;20;12;5;5;11;5;4;6;1;0;0;0;2.Þub;3.Mar;3.Nis;Þub.15;Mar.25;3.Haz;2.Þub;3.Mar;3.Nis;Þub.27;Mar.19;3.Tem;Þub.15;3.Þub;3.May;Þub.15;3.Mar;3.Tem;36;Þub.28;2.Þub;3.Mar;Mar.17;Mar.75;Mar.62;35;2.May;Þub.33;Oca.65;1.Haz;21;0;Oca.57;Oca.54;Þub.61;Þub.55;Þub.23;Mar.26;Mar.71
D1;25.01.2019;Hertha BSC;FC Schalke 04 04;2;2;D;2;2;D;11;14;4;7;15;10;3;6;2;1;0;0;2.May;Mar.25;Þub.87;2.Haz;3.Þub;2.Aðu;2.Tem;3.Þub;2.Tem;Þub.65;3.Mar;Þub.91;Þub.55;3.Þub;2.Aðu;2.Haz;Mar.25;2.Eyl;37;2.Tem;Þub.61;3.Mar;Mar.21;Þub.95;Þub.84;36;Þub.16;2.Eyl;Oca.79;Oca.75;20;-0.25;2.Mar;Þub.22;Oca.76;Oca.71;Þub.65;Mar.26;Þub.93
D1;26.01.2019;Borussia Dortmund;Hannover 96;5;1;H;1;0;H;18;11;9;3;7;10;6;3;1;1;0;0;Oca.16;7.May;15;Oca.17;Tem.75;15.May;Oca.17;7.May;15;Oca.17;Aðu.22;16.Þub;Oca.15;7.May;17;Oca.15;8;19;37;Oca.19;Oca.17;8.Aðu;Tem.85;19;15.64;36;1.Nis;Oca.34;3.Oca;Þub.87;24;-2;Oca.79;Oca.75;Þub.23;Þub.14;Oca.17;8.Eyl;17.17
D1;26.01.2019;SC Freiburg;TSG 1899 Hoffenheim;2;4;A;1;1;D;20;16;8;11;17;14;6;1;0;2;0;0;3.May;4;Oca.95;3.Haz;3.Aðu;Oca.95;3.Nis;3.May;2.Oca;Mar.71;Mar.95;Oca.98;3.May;3.Aðu;Oca.95;3.May;4;2;37;Mar.71;Mar.57;4.May;Mar.85;2.Oca;Oca.98;36;Oca.52;Oca.48;Þub.76;Þub.62;21;0.25;Þub.24;Þub.18;Oca.77;Oca.73;Mar.83;Nis.15;1.Eyl
D1;26.01.2019;1. FSV Mainz 05;1. FC Nürnberg;2;1;H;1;1;D;20;8;4;3;12;16;5;5;3;1;0;0;Oca.66;3.Aðu;May.25;1.Tem;3.Aðu;5;Oca.65;3.Aðu;5.Nis;Oca.69;Mar.94;5.Nis;Oca.67;Mar.75;May.25;1.Tem;3.Eyl;5.Þub;37;Oca.73;Oca.69;4.May;Mar.85;May.47;May.14;36;Oca.89;Oca.83;2.May;Oca.98;24;-1;Þub.32;Þub.22;Oca.75;Oca.69;Oca.93;Mar.43;Nis.63
D1;26.01.2019;Borussia Mönchengladbach;FC Augsburg;2;0;H;0;0;D;14;4;6;1;9;15;4;0;2;4;0;0;Oca.66;4;5;Oca.62;4.Oca;May.25;1.Haz;4;5.May;Oca.63;Nis.16;May.64;Oca.62;4;May.25;Oca.65;4.Þub;May.25;37;Oca.67;Oca.63;Nis.25;4.Haz;May.77;May.38;36;1.Tem;Oca.63;Þub.37;Þub.27;24;-1;2.Oca;2.May;Oca.87;Oca.82;Oca.78;Mar.87;Nis.85
D1;26.01.2019;SV Werder Bremen;Eintracht Frankfurt;2;2;D;1;1;D;18;8;9;4;11;10;8;3;4;2;0;0;Þub.55;3.May;2.Tem;2.May;3.Tem;2.Haz;2.Haz;3.May;2.Haz;2.Haz;Mar.72;Þub.69;2.May;3.Haz;Þub.62;Þub.55;3.Haz;Þub.63;37;Þub.65;Þub.53;3.Aðu;Mar.62;Þub.78;Þub.67;35;Oca.56;Oca.53;Þub.65;Þub.49;21;-0.25;Þub.25;Þub.19;Oca.76;Oca.72;Þub.81;Mar.72;2.May
D1;26.01.2019;VfL Wolfsburg;Bayer 04 Leverkusen;0;3;A;0;1;A;10;23;4;14;10;14;5;6;5;3;0;0;Þub.62;3.May;2.Haz;2.Tem;3.May;Þub.55;Þub.65;3.Nis;Þub.65;Þub.73;Mar.62;Þub.62;Þub.62;3.May;Þub.55;Þub.75;3.May;Þub.55;37;Þub.76;2.Tem;Mar.62;Mar.49;2.Tem;Þub.57;36;Oca.71;Oca.66;Þub.34;Þub.22;21;0.25;Oca.76;Oca.71;2.Mar;Þub.22;Þub.98;Mar.64;Þub.41
D1;27.01.2019;FC Bayern München;VfB Stuttgart;4;1;H;1;1;D;19;7;6;2;9;9;8;1;1;1;0;0;1.Aðu;13;21;1.Eyl;11.May;23;1.Oca;9.Oca;28;1.Kas;Kas.23;23.85;1.Tem;11;26;1.Eyl;12;26;37;1.Kas;1.Eyl;13;11.Mar;34;25.Kas;35;1.Mar;Oca.24;Nis.25;Mar.88;24;-2.5;Oca.85;Oca.78;Þub.16;2.Eyl;1.Oca;Kas.41;29.May
D1;27.01.2019;Fortuna Düsseldorf;RB Leipzig;0;4;A;0;3;A;10;12;0;9;11;11;8;2;1;0;0;0;4;3.Haz;1.Eyl;4.Oca;3.Haz;1.Eyl;4;3.Haz;1.Eyl;4.May;Mar.75;Oca.95;4;3.Haz;Oca.88;3.Eyl;3.Tem;Oca.95;37;4.Þub;Mar.99;3.Aðu;Mar.63;Oca.97;Oca.92;36;1.Aðu;Oca.74;Þub.16;2.Aðu;21;0.5;Oca.99;Oca.94;Oca.97;Oca.92;Mar.51;Mar.57;Þub.17
D1;1.02.2019;Hannover 96;RB Leipzig;0;3;A;0;1;A;5;19;1;8;14;17;0;7;2;2;0;0;5.May;Nis.33;Oca.53;6;4.Nis;Oca.53;5.Aðu;4.Þub;Oca.55;May.83;Nis.51;Oca.57;5.May;Nis.33;Oca.53;May.75;4.Haz;Oca.55;35;6.Haz;May.78;Nis.75;Nis.41;Oca.59;Oca.55;33;Oca.65;Oca.61;Þub.45;Þub.31;21;1;2;Oca.95;Oca.95;Oca.91;May.23;4.Oca;1.Tem
D1;2.02.2019;Eintracht Frankfurt;Borussia Dortmund;1;1;D;1;1;D;12;13;7;4;15;6;6;4;2;2;0;0;3.Mar;3.Haz;Þub.15;Mar.25;3.Haz;Þub.15;3.Nis;3.May;2.Oca;Mar.32;Mar.72;Þub.19;3.Þub;3.Haz;Þub.15;3.Oca;3.Aðu;2.Þub;35;3.Nis;3.Þub;Mar.82;Mar.66;Þub.25;Þub.17;33;1.Haz;Oca.53;Þub.75;Þub.49;20;0.5;Oca.78;Oca.74;2.Þub;Þub.15;Mar.31;3.Aðu;Þub.17
D1;2.02.2019;Hertha BSC;VfL Wolfsburg;0;1;A;0;0;D;11;8;4;4;19;12;3;7;3;1;0;0;2.Mar;3.Mar;Mar.25;Þub.35;3.Mar;3.Oca;2.May;3.Oca;3;Þub.35;3.May;Mar.19;Þub.25;3.Nis;3.Oca;2.Mar;3.Nis;Mar.13;34;2.May;Þub.31;3.May;Mar.38;Mar.25;Mar.13;33;Oca.95;Oca.86;2.Oca;Oca.94;19;0;Oca.71;Oca.68;Þub.33;Þub.25;Þub.39;Mar.39;3.Þub
D1;2.02.2019;TSG 1899 Hoffenheim;Fortuna Düsseldorf;1;1;D;1;0;H;12;8;4;6;22;12;5;5;3;4;0;0;Oca.44;4.May;6.May;Oca.42;5;Haz.75;1.May;4.Haz;5.Eyl;Oca.45;Nis.99;7.Tem;Oca.42;4.Aðu;7;Oca.44;5.Þub;6.May;35;1.May;Oca.43;May.25;Nis.96;Tem.35;Haz.84;34;Oca.41;Oca.37;3.Mar;3.May;23;-1.5;Þub.25;2.Oca;Oca.81;Oca.77;Oca.45;May.17;Haz.62
D1;2.02.2019;Bayer 04 Leverkusen;FC Bayern München;3;1;H;0;1;A;11;17;4;6;13;13;7;4;3;2;0;0;5.May;4.May;Oca.55;May.25;4.Nis;Oca.57;5.May;4.Nis;Oca.55;May.73;Nis.29;Oca.61;5.May;Nis.33;Oca.55;May.25;4.Haz;Oca.57;35;5.Aðu;5.Nis;4.Haz;Nis.37;Oca.61;Oca.58;34;1.May;Oca.44;2.Eyl;Þub.74;23;1;Oca.98;Oca.92;Oca.98;Oca.93;May.52;Nis.73;Oca.57
D1;2.02.2019;1. FC Nürnberg;SV Werder Bremen;1;1;D;0;0;D;11;10;2;3;17;17;3;7;4;1;0;0;Mar.75;3.Haz;2;3.Haz;3.Aðu;Oca.95;3.Haz;3.Haz;2;Mar.73;Mar.83;2.Oca;3.Haz;3.Tem;Oca.95;3.Haz;3.Aðu;2;35;3.Aðu;Mar.65;3.Eyl;Mar.72;2.Mar;Oca.98;34;Oca.71;Oca.66;Þub.33;Þub.21;20;0.25;Þub.22;Þub.17;Oca.76;Oca.73;4.Kas;4;Oca.87
D1;2.02.2019;FC Schalke 04 04;Borussia Mönchengladbach;0;2;A;0;0;D;9;16;1;9;9;8;1;6;1;2;1;0;2.Nis;3.Nis;3;Þub.35;3.Nis;3;2.Nis;3.Mar;Þub.95;Þub.46;Mar.48;3.Oca;2.Nis;3.Mar;2.Eyl;2.Nis;3.Nis;3;35;Þub.48;Þub.41;3.May;Mar.37;3.May;Þub.96;34;Oca.95;Oca.89;2;Oca.91;20;0;Oca.78;Oca.74;2.Þub;Þub.13;Þub.31;Mar.49;Mar.27
D1;3.02.2019;FC Augsburg;1. FSV Mainz 05;3;0;H;2;0;H;19;6;8;0;18;10;7;3;0;1;0;0;2.Oca;3.May;3.Nis;Þub.25;3.Nis;3.Þub;2.Þub;3.Nis;3.Mar;Þub.18;Mar.63;Mar.43;2.Þub;3.Nis;3.Þub;2.Þub;3.May;3.Mar;35;2.Mar;2.Þub;Mar.65;Mar.48;Mar.43;Mar.26;34;Oca.85;1.Aðu;2.Eyl;2.Oca;20;-0.25;Oca.99;1.Eyl;2.Mar;Oca.96;2.Mar;Mar.63;Mar.18
D1;3.02.2019;VfB Stuttgart;SC Freiburg;2;2;D;0;1;A;17;16;4;4;8;9;7;8;5;0;1;0;Þub.15;3.Nis;3.Nis;2.Þub;3.May;Mar.25;Þub.15;3.Nis;3.Nis;2.Mar;Mar.33;Mar.44;2.Þub;3.Nis;Mar.25;Þub.25;3.May;Mar.25;35;2.Mar;Þub.23;3.May;Mar.35;3.May;Mar.31;34;2.Þub;Oca.93;2.Oca;Oca.87;20;-0.5;Þub.29;Þub.22;Oca.73;Oca.69;Þub.32;Mar.43;3.Mar
D1;8.02.2019;1. FSV Mainz 05;Bayer 04 Leverkusen;1;5;A;1;4;A;15;18;2;7;13;5;4;4;3;1;0;0;3.Aðu;3.Aðu;1.Eyl;Mar.75;4;Oca.87;3.Tem;3.May;2;3.Eyl;Mar.93;Oca.93;Mar.75;3.Aðu;Oca.95;3.Tem;3.Eyl;Oca.95;34;3.Eyl;Mar.76;4;Mar.84;2;Oca.93;32;1.Haz;Oca.55;Þub.56;Þub.44;19;0.75;Oca.76;Oca.73;Þub.25;Þub.18;Nis.29;Nis.28;Oca.78
D1;9.02.2019;FC Bayern München;FC Schalke 04 04;3;1;H;2;1;H;17;7;4;5;8;9;7;2;1;2;0;0;1.Þub;7;13;Oca.22;Haz.75;12.May;Oca.22;7;11;Oca.23;Haz.48;14.28;Oca.22;6.May;15;Oca.22;7;13;34;Oca.25;Oca.23;7;Haz.53;15.25;Ara.87;33;Oca.45;1.Nis;3.Oca;Þub.89;23;-2;Þub.14;2.Haz;Oca.85;Oca.79;Oca.25;Haz.49;Ara.92
D1;9.02.2019;Borussia Dortmund;TSG 1899 Hoffenheim;3;3;D;2;0;H;16;14;7;6;7;14;7;8;0;3;0;0;Oca.66;4.Þub;Nis.75;Oca.65;4.Þub;Nis.75;Oca.65;4.Mar;4.Tem;Oca.76;4.Oca;Nis.62;Oca.73;4.Þub;4.Nis;Oca.75;4.Nis;4.Þub;35;Oca.77;Oca.73;Nis.45;Nis.14;4.Aðu;Nis.44;34;1.Nis;Oca.34;3.Nis;Mar.19;23;-1;Þub.23;Þub.17;Oca.77;Oca.72;Oca.77;Nis.28;Nis.37
D1;9.02.2019;SC Freiburg;VfL Wolfsburg;3;3;D;1;1;D;10;15;4;4;15;10;9;2;3;2;0;0;Þub.87;3.Nis;Þub.45;Þub.75;3.Mar;2.Haz;Þub.85;3.Þub;Þub.55;Þub.85;Mar.31;2.Tem;2.Aðu;3.Mar;Þub.62;2.Aðu;3.Nis;Þub.63;35;Þub.87;2.Aðu;Mar.42;Mar.28;2.Tem;Þub.61;34;2.Tem;Oca.99;1.Eyl;Oca.82;19;0;2.Þub;Oca.99;Oca.92;Oca.87;Þub.91;Mar.31;Þub.64
D1;9.02.2019;Hannover 96;1. FC Nürnberg;2;0;H;1;0;H;18;9;8;1;16;16;4;4;2;2;0;1;2.Þub;3.Nis;Mar.25;Þub.25;3.Mar;3.Mar;2.Mar;3.Mar;3.Þub;Þub.31;Mar.35;3.Nis;2.Mar;3.Mar;3.Mar;2.Mar;3.Nis;Mar.25;35;2.Nis;Þub.29;3.Nis;Mar.28;3.Nis;Mar.28;34;Þub.17;2.Mar;Oca.85;Oca.78;20;-0.5;Þub.35;Þub.27;Oca.71;Oca.66;Þub.19;Mar.41;Mar.63
D1;9.02.2019;Borussia Mönchengladbach;Hertha BSC;0;3;A;0;1;A;13;11;4;4;7;11;5;5;0;2;0;0;Oca.57;4.Þub;5.May;1.Haz;4.Þub;May.25;1.Haz;4;5.May;Oca.61;Nis.32;May.63;Oca.62;4.Þub;5.May;1.Haz;4.Þub;May.75;35;Oca.65;Oca.61;Nis.32;Nis.14;5.Aðu;May.45;34;Oca.85;Oca.77;Þub.18;2.May;23;-1;2.Eyl;2.Þub;Oca.89;Oca.84;Oca.59;Nis.28;May.96
D1;9.02.2019;RB Leipzig;Eintracht Frankfurt;0;0;D;0;0;D;14;6;1;2;9;10;7;4;4;2;0;0;Oca.83;4;4;Oca.83;3.Aðu;4.Oca;1.Aðu;3.Aðu;4.Mar;Oca.83;Mar.93;Nis.42;1.Aðu;3.Eyl;Nis.33;Oca.85;4;4.Oca;35;Oca.87;Oca.83;4.May;Mar.87;Nis.45;Nis.18;33;Oca.65;1.Haz;Þub.45;Þub.34;21;-1;Þub.51;Þub.43;Oca.61;Oca.58;Oca.75;Nis.25;Nis.54
D1;10.02.2019;Fortuna Düsseldorf;VfB Stuttgart;3;0;H;1;0;H;15;15;6;2;18;8;5;4;3;4;0;1;2.Oca;3.May;3.May;2.Oca;3.May;3.May;2.Oca;3.Nis;3.May;Þub.21;3.Nis;3.Haz;Þub.15;3.Nis;3.Haz;Þub.15;3.May;3.May;35;Þub.21;Þub.14;Mar.55;3.Nis;Mar.75;Mar.49;34;Oca.95;Oca.86;2.Oca;Oca.94;20;-0.5;2.Þub;Þub.13;1.Aðu;Oca.75;Þub.19;3.May;Mar.53
D1;10.02.2019;SV Werder Bremen;FC Augsburg;4;0;H;3;0;H;11;13;5;3;5;12;3;2;0;1;0;0;Oca.72;3.Aðu;4.May;Oca.75;4;Nis.33;Oca.75;Mar.95;4.Nis;Oca.75;Nis.18;Nis.64;Oca.78;4;Nis.33;Oca.75;4;4.May;35;Oca.85;Oca.76;Nis.18;Mar.98;4.Tem;Nis.41;34;1.Tem;Oca.64;Þub.37;Þub.25;22;-1;Þub.41;Þub.33;Oca.67;Oca.63;Oca.65;Nis.33;May.15
D1;15.02.2019;FC Augsburg;FC Bayern München;2;3;A;2;2;D;8;17;2;8;13;12;1;9;1;2;0;0;15;6;1.Þub;13.May;7;1.Þub;9;5.Aðu;1.Mar;Ara.19;7.Nis;Oca.22;12;7;Oca.22;13;7;Oca.22;32;15;Ara.45;7.May;Haz.81;1.Mar;Oca.22;29;Oca.45;Oca.38;Mar.25;3;18;2;Oca.92;Oca.85;Þub.25;2;13.41;Aðu.16;Oca.19
D1;16.02.2019;Hertha BSC;SV Werder Bremen;1;1;D;1;0;H;11;8;2;2;16;11;4;3;3;3;0;0;2.Nis;3.May;2.Eyl;2.Nis;3.Haz;2.Aðu;Þub.35;3.May;2.Eyl;Þub.46;Mar.49;3.Oca;2.Nis;3.Nis;3;Þub.45;3.May;2.Eyl;32;Þub.46;2.Nis;Mar.65;Mar.48;3.Oca;Þub.91;31;Oca.75;1.Tem;Þub.25;Þub.14;16;-0.25;2.Kas;2.Tem;Oca.85;Oca.81;Þub.61;3.Nis;Þub.89
D1;16.02.2019;TSG 1899 Hoffenheim;Hannover 96;3;0;H;2;0;H;26;5;11;1;15;6;10;6;0;1;0;0;1.Mar;6;8.May;Oca.33;May.75;Aðu.25;Oca.35;5.May;7.Tem;Oca.32;May.73;Eyl.93;1.Mar;5.Aðu;9.May;Oca.33;6;9;32;Oca.35;Oca.31;6;5.Tem;10.May;9.Aðu;31;Oca.35;Oca.32;3.Haz;Mar.34;19;-1.5;Oca.87;Oca.81;2.Kas;2.May;Oca.26;Haz.79;10.May
D1;16.02.2019;FC Schalke 04 04;SC Freiburg;0;0;D;0;0;D;15;12;2;3;10;13;4;9;0;4;1;1;1.Tem;Mar.75;May.25;1.Tem;3.Tem;May.25;Oca.73;Mar.75;Nis.85;Oca.79;Mar.65;May.13;Oca.73;3.Tem;5;Oca.75;3.Aðu;5;31;Oca.79;Oca.75;3.Eyl;Mar.67;May.25;Nis.98;30;Oca.98;1.Eyl;Oca.95;Oca.89;18;-1;Þub.48;Þub.35;Oca.68;Oca.62;Oca.85;Mar.54;Nis.87
D1;16.02.2019;VfB Stuttgart;RB Leipzig;1;3;A;1;1;D;7;7;3;4;18;11;5;4;1;1;0;0;May.25;4;Oca.65;Nis.75;4.Oca;Oca.67;Nis.85;4;Oca.67;Nis.96;Nis.24;Oca.69;4.Aðu;4.Þub;Oca.67;4.Aðu;4.Þub;1.Tem;32;5.Mar;Nis.89;4.Nis;4.Oca;1.Tem;Oca.67;31;Oca.75;1.Tem;Þub.22;Þub.13;19;1;Oca.76;Oca.73;Þub.22;Þub.16;May.62;Nis.25;Oca.62
D1;16.02.2019;VfL Wolfsburg;1. FSV Mainz 05;3;0;H;1;0;H;16;12;6;4;6;11;4;7;1;1;0;0;Oca.72;4;4.May;1.Tem;4;Nis.75;Oca.75;Mar.95;Nis.45;Oca.72;4.Mar;Nis.66;Oca.73;4;4.May;Oca.73;4;4.Aðu;31;1.Aðu;Oca.73;4.Mar;Mar.98;4.Aðu;Nis.59;30;Oca.81;Oca.76;Þub.15;2.Haz;19;-1;Þub.45;2.Mar;Oca.69;Oca.65;Oca.78;Mar.89;Nis.81
D1;17.02.2019;Eintracht Frankfurt;Borussia Mönchengladbach;1;1;D;1;0;H;12;14;3;5;12;8;8;7;3;1;0;0;2.Mar;3.Haz;3;2.Mar;3.Haz;3;Þub.35;3.May;2.Eyl;Þub.32;Mar.71;3.Aðu;2.Mar;3.Haz;3;2.Mar;Mar.75;2.Eyl;32;2.Nis;Þub.33;Mar.75;Mar.58;3.Aðu;Þub.95;30;Oca.67;1.Haz;Þub.41;Þub.31;16;-0.25;2.Haz;2.Þub;1.Eyl;Oca.85;2.Mar;Mar.56;Mar.23
D1;17.02.2019;Bayer 04 Leverkusen;Fortuna Düsseldorf;2;0;H;1;0;H;13;3;7;0;6;11;5;4;1;3;0;0;Oca.44;Nis.75;6.May;Oca.42;5;7;Oca.45;4.May;7;Oca.43;Nis.87;Tem.85;Oca.42;Nis.75;7.May;Oca.45;5;6.May;32;1.May;Oca.44;5.May;Nis.77;Tem.85;7.Tem;31;Oca.54;Oca.44;2.Eyl;Þub.74;19;-1;1.Tem;Oca.66;Þub.37;Þub.26;Oca.46;Nis.98;Haz.78
D1;18.02.2019;1. FC Nürnberg;Borussia Dortmund;0;0;D;0;0;D;7;17;2;6;8;9;3;11;1;1;0;0;7.May;5;1.Nis;7;5;Oca.42;6.May;4.Aðu;Oca.45;Tem.68;Nis.83;Oca.44;8;4.Aðu;1.Nis;7;4.Aðu;Oca.45;32;8.Mar;7.Nis;May.25;Nis.82;Oca.46;Oca.42;31;1.Haz;Oca.54;Þub.55;Þub.44;19;1.May;1.Aðu;Oca.73;Þub.24;Þub.16;6.Kas;Nis.26;Oca.58
D1;22.02.2019;SV Werder Bremen;VfB Stuttgart;1;1;D;1;1;D;15;8;4;3;7;9;4;2;1;3;0;0;Oca.53;Nis.33;May.75;Oca.57;Nis.25;5.May;1.Haz;4.Þub;5.Mar;1.Haz;Nis.39;May.62;Oca.57;4.Þub;5.Aðu;Oca.57;4.Nis;May.75;35;Oca.62;Oca.58;4.May;Nis.28;May.97;May.56;34;Oca.75;Oca.67;Þub.35;2.Þub;20;-1;2.Oca;Oca.97;Oca.96;Oca.89;1.Haz;Nis.42;May.57
D1;23.02.2019;FC Bayern München;Hertha BSC;1;0;H;0;0;D;12;9;4;2;12;6;11;3;2;0;0;1;Oca.18;7;17;Oca.19;7;15;1.Þub;7;13;Oca.21;7;15.65;1.Þub;6.May;15;Oca.22;7;13;35;Oca.23;1.Þub;Tem.35;Haz.91;17;14.29;33;1.Nis;Oca.36;3.Mar;3.Haz;22;-2;2;Oca.94;Oca.96;Oca.91;Oca.21;Tem.24;14.46
D1;23.02.2019;Fortuna Düsseldorf;1. FC Nürnberg;2;1;H;0;1;A;19;5;7;2;14;7;7;3;3;4;0;1;Oca.72;Mar.75;5;Oca.72;Mar.75;5;1.Aðu;3.Haz;4.May;Oca.75;Mar.92;Nis.96;Oca.75;3.Tem;Nis.75;Oca.73;3.Aðu;5;35;Oca.82;Oca.75;4.May;Mar.75;May.25;4.Aðu;34;Oca.97;1.Eyl;Oca.95;1.Eyl;21;-1;Þub.45;Þub.37;Oca.67;Oca.62;Oca.93;Mar.55;Nis.42
D1;23.02.2019;SC Freiburg;FC Augsburg;5;1;H;3;0;H;19;14;11;4;13;16;8;1;0;3;0;1;Þub.15;3.May;3.Mar;2.Þub;3.Nis;3.Mar;Þub.15;Mar.45;Mar.35;2.Þub;Mar.52;Mar.49;Þub.15;3.Nis;3.Nis;2.Þub;3.May;3.Nis;35;Þub.25;Þub.18;Mar.55;Mar.42;3.May;Mar.38;34;Oca.95;Oca.88;Oca.99;Oca.92;19;-0.5;2.Þub;Þub.17;Oca.78;Oca.73;Þub.49;3.Mar;Mar.13
D1;23.02.2019;1. FSV Mainz 05;FC Schalke 04 04;3;0;H;1;0;H;21;10;6;3;10;15;1;3;4;2;0;0;2.Aðu;3.Nis;2.May;Þub.85;3.Mar;2.May;Þub.75;3.Mar;2.Haz;2.Eyl;Mar.39;2.Haz;2.Aðu;3.Mar;Þub.55;Þub.88;3.Nis;Þub.55;35;Þub.95;Þub.84;Mar.45;Mar.33;2.Haz;Þub.53;34;2;Oca.93;Oca.94;Oca.87;19;0;2.Eyl;2.Nis;Oca.86;Oca.83;Mar.28;Mar.37;Þub.36
D1;23.02.2019;Borussia Mönchengladbach;VfL Wolfsburg;0;3;A;0;1;A;15;5;5;3;14;11;12;1;2;1;0;0;Oca.75;3.Aðu;Nis.75;1.Aðu;3.Tem;4.May;1.Aðu;3.Tem;4.May;Oca.81;Mar.73;Nis.86;Oca.78;3.Haz;Nis.75;Oca.83;3.Aðu;4.Nis;34;Oca.85;1.Aðu;3.Aðu;Mar.65;Nis.86;Nis.59;33;Oca.93;Oca.85;2.Þub;Oca.95;20;-1;Þub.56;Þub.47;Oca.61;Oca.57;2.Haz;Mar.56;Mar.84
D1;24.02.2019;Borussia Dortmund;Bayer 04 Leverkusen;3;2;H;2;1;H;9;13;4;4;10;9;3;8;1;2;0;0;1.Aðu;4.Þub;4;Oca.85;3.Eyl;3.Eyl;Oca.83;4;3.Eyl;Oca.85;4.Haz;Nis.14;1.Aðu;4;4.Þub;Oca.83;4.Þub;3.Eyl;35;1.Eyl;Oca.85;4.Þub;Mar.95;4.Þub;Mar.95;34;Oca.53;Oca.48;Þub.76;2.Haz;20;-1;Þub.55;Þub.45;Oca.62;Oca.57;Oca.98;Mar.82;Mar.85
D1;24.02.2019;Hannover 96;Eintracht Frankfurt;0;3;A;0;0;D;11;14;3;8;11;12;3;5;1;1;0;0;Nis.75;Mar.75;Oca.75;4.May;Mar.75;Oca.78;4.Mar;Mar.85;1.Aðu;Nis.48;4.Tem;Oca.79;Nis.33;3.Eyl;Oca.78;Nis.33;3.Eyl;1.Aðu;35;Nis.75;Nis.38;4.Tem;Mar.86;Oca.82;Oca.78;34;1.Tem;Oca.64;Þub.37;Þub.25;20;1;Oca.65;1.Haz;Þub.49;Þub.39;May.27;Nis.26;Oca.65
D1;25.02.2019;RB Leipzig;TSG 1899 Hoffenheim;1;1;D;0;1;A;15;7;4;4;16;21;6;4;0;1;0;0;1.Aðu;4;4;Oca.83;3.Eyl;4;1.Aðu;4.Oca;3.Eyl;Oca.83;Nis.24;4.Kas;1.Aðu;4;4;Oca.83;4.Þub;3.Eyl;35;1.Eyl;Oca.82;4.Mar;4.Haz;Nis.14;Mar.96;34;Oca.45;Oca.42;3;2.Aðu;19;-0.5;Oca.86;Oca.81;2.Kas;2.May;Oca.91;4.Oca;Mar.95
D1;1.03.2019;FC Augsburg;Borussia Dortmund;2;1;H;1;0;H;9;18;4;8;15;11;1;4;1;2;0;0;May.75;4.May;Oca.53;5.May;Nis.25;Oca.57;6;4;Oca.57;Haz.26;Nis.43;Oca.55;6;Nis.33;Oca.53;Haz.25;Nis.33;Oca.55;34;6.May;May.99;Nis.52;Nis.32;Oca.59;Oca.55;32;Oca.65;1.Haz;Þub.42;Þub.33;22;1;2.Haz;Oca.99;Oca.91;Oca.87;May.81;Nis.18;Oca.62
D1;2.03.2019;Eintracht Frankfurt;TSG 1899 Hoffenheim;3;2;H;1;1;D;18;20;10;7;8;16;4;3;0;3;0;1;Þub.37;Mar.75;2.Aðu;2.Mar;Mar.75;Þub.85;Þub.35;3.May;2.Eyl;Þub.33;3.Eyl;Þub.94;2.Mar;Mar.75;Þub.88;2.Mar;3.Aðu;Þub.88;34;Þub.37;Þub.31;4;Mar.78;Þub.96;Þub.87;33;Oca.45;1.Nis;3.Oca;Þub.88;19;-0.5;Þub.35;Þub.29;Oca.71;Oca.66;Þub.47;Mar.88;Þub.76
D1;2.03.2019;Hertha BSC;1. FSV Mainz 05;2;1;H;0;0;D;11;13;4;1;13;10;4;1;0;2;0;0;Oca.85;3.Haz;Nis.33;Oca.83;3.Tem;Nis.33;Oca.85;3.May;4.Nis;Oca.86;Mar.69;Nis.54;Oca.83;3.Haz;4.Nis;Oca.85;3.Tem;4.Nis;34;Oca.87;Oca.84;3.Aðu;Mar.63;4.Haz;4.Nis;33;1.Eyl;Oca.82;2.Tem;Oca.99;21;-1;Þub.61;Þub.54;1.Haz;Oca.54;Oca.93;Mar.48;Nis.47
D1;2.03.2019;Bayer 04 Leverkusen;SC Freiburg;2;0;H;1;0;H;17;8;5;3;11;7;7;2;0;0;0;0;Oca.44;4.May;7.May;Oca.42;Nis.75;Tem.25;1.May;4.Mar;6.May;Oca.45;Nis.94;7.Ara;Oca.42;4.Aðu;7;Oca.45;4.Aðu;7;34;1.May;Oca.44;5.May;4.Aðu;Tem.55;7;33;1.May;Oca.46;Þub.85;Þub.68;22;-1.5;2.Mar;Þub.15;1.Aðu;Oca.74;Oca.47;Nis.72;Tem.19
D1;2.03.2019;Borussia Mönchengladbach;FC Bayern München;1;5;A;1;2;A;11;19;2;14;6;11;1;9;2;2;0;0;5.May;4.May;Oca.57;May.25;Nis.25;1.Haz;5.Mar;4.Þub;1.Haz;May.22;Nis.37;Oca.64;May.25;Nis.33;1.Haz;5;4.Nis;Oca.62;34;5.May;May.13;4.May;Nis.28;Oca.65;Oca.61;32;Oca.61;Oca.56;Þub.55;Þub.42;22;1;Oca.88;Oca.83;2.Eyl;2.Mar;Haz.15;Nis.17;1.Haz
D1;2.03.2019;1. FC Nürnberg;RB Leipzig;0;1;A;0;1;A;7;12;1;5;8;17;5;8;2;3;0;0;6.May;Nis.33;1.May;Haz.75;4.Þub;1.May;5.Tem;4.Mar;Oca.55;Haz.58;Nis.47;Oca.53;6.May;Nis.33;1.May;6.May;4.Nis;Oca.53;34;7;Haz.56;4.Haz;Nis.34;Oca.57;Oca.51;33;1.Aðu;Oca.75;Þub.15;2.Aðu;22;1;2.Eyl;2.Mar;Oca.86;Oca.83;Tem.19;Nis.32;Oca.52
D1;2.03.2019;FC Schalke 04 04;Fortuna Düsseldorf;0;4;A;0;1;A;7;13;2;5;16;16;1;1;4;2;0;0;Oca.83;Mar.75;4.Þub;Oca.83;3.Tem;Nis.33;1.Eyl;3.Tem;3.Eyl;Oca.89;3.Haz;Nis.52;Oca.85;3.Haz;Nis.33;Oca.87;3.Tem;4.Mar;34;Oca.91;Oca.86;3.Aðu;Mar.63;Nis.55;Nis.33;33;Oca.92;Oca.87;2;Oca.93;20;-1;2.Tem;2.Haz;Oca.56;Oca.51;Oca.89;Mar.45;Nis.78
D1;3.03.2019;VfB Stuttgart;Hannover 96;5;1;H;3;0;H;14;3;8;1;15;16;7;0;2;2;0;0;Oca.72;4;4.May;Oca.72;4;4.Haz;1.Tem;Mar.95;4.Tem;Oca.72;Mar.95;May.14;1.Tem;4;Nis.75;Oca.73;4;Nis.75;34;Oca.75;Oca.72;4.Mar;Mar.96;May.14;Nis.69;33;1.Aðu;Oca.74;Þub.15;2.Oca;22;-1;Þub.35;Þub.28;1.Tem;Oca.65;Oca.72;Mar.95;May.17
D1;3.03.2019;VfL Wolfsburg;SV Werder Bremen;1;1;D;0;0;D;13;12;5;3;8;22;6;4;0;2;0;0;Þub.15;3.May;3.Mar;Þub.15;3.Haz;Mar.25;Þub.15;Mar.55;3.Mar;Þub.18;Mar.61;Mar.46;Þub.15;3.May;3.Mar;Þub.15;3.May;3.Nis;34;Þub.23;Þub.16;Mar.65;Mar.53;Mar.47;Mar.35;33;1.Aðu;Oca.75;Þub.17;2.Aðu;19;-0.5;2.Þub;Þub.14;Oca.79;Oca.75;Þub.28;Mar.52;Mar.31
D1;8.03.2019;SV Werder Bremen;FC Schalke 04 04;4;2;H;1;1;D;20;14;7;8;17;10;4;5;2;1;0;0;2.May;3.May;3.Haz;2;3.May;Mar.75;2;3.May;Mar.75;Þub.16;Mar.38;Mar.73;2.Oca;3.Nis;3.Haz;2.Oca;3.May;3.Haz;31;Þub.16;2.Eyl;Mar.55;Mar.41;3.Aðu;Mar.65;30;2.Þub;1.Eyl;Oca.96;1.Eyl;17;-0.25;Oca.85;Oca.81;2.Kas;2.Haz;Þub.21;Mar.48;3.May
D1;9.03.2019;FC Bayern München;VfL Wolfsburg;6;0;H;2;0;H;22;4;12;1;9;6;7;2;0;1;0;0;Oca.25;6.May;10;Oca.22;6.May;12.May;Oca.25;6.Oca;11;Oca.24;6.Tem;Ara.61;Oca.24;6.May;12;Oca.25;6.May;11.May;34;Oca.28;Oca.24;7;Haz.36;14.25;Kas.85;33;Oca.45;1.Nis;3.Oca;Þub.88;22;-1.5;Oca.75;1.Tem;Þub.28;Þub.22;Oca.22;Haz.98;13.38
D1;9.03.2019;Borussia Dortmund;VfB Stuttgart;3;1;H;0;0;D;18;7;8;1;6;10;7;1;3;3;0;0;Oca.28;5.May;11;1.Mar;5.May;Eyl.75;Oca.35;5.Mar;8;Oca.33;May.77;Eyl.17;Oca.32;5.May;9;Oca.33;May.75;9;34;Oca.35;Oca.32;5.Eyl;5.May;11;Eyl.19;33;Oca.55;1.May;Þub.69;Þub.56;22;-1.5;Oca.98;Oca.92;2;Oca.94;Oca.31;May.99;Eyl.68
D1;9.03.2019;SC Freiburg;Hertha BSC;2;1;H;1;0;H;10;16;4;6;10;14;3;6;1;3;0;0;Þub.55;Mar.25;Þub.87;2.Haz;Mar.25;2.Aðu;2.Haz;Mar.25;2.Aðu;Þub.63;Mar.35;Þub.89;2.Haz;Mar.25;2.Aðu;2.Haz;3.Mar;Þub.88;34;2.Tem;Þub.61;Mar.37;Mar.26;2.Eyl;Þub.82;33;2.Oca;2.Oca;Oca.86;Oca.81;20;-0.25;Þub.29;Þub.22;Oca.76;1.Tem;Þub.51;3.Nis;3.Oca
D1;9.03.2019;1. FSV Mainz 05;Borussia Mönchengladbach;0;1;A;0;0;D;15;11;2;4;12;4;2;6;2;0;0;0;3.Mar;3.Nis;2.Þub;3.Oca;3.Nis;2.Mar;3.Oca;3.May;Þub.25;Mar.24;Mar.58;Þub.28;3.Oca;3.May;Þub.25;Mar.13;3.May;2.Mar;34;3.Mar;Mar.13;3.Haz;Mar.48;Þub.35;Þub.27;33;1.Aðu;Oca.74;Þub.16;2.Eyl;20;0.5;Oca.72;Oca.68;2.Mar;Þub.25;Þub.97;Mar.55;Þub.46
D1;9.03.2019;RB Leipzig;FC Augsburg;0;0;D;0;0;D;17;5;4;3;13;9;7;4;1;1;0;0;Oca.36;5;8.May;Oca.36;May.25;Tem.75;Oca.42;4.Aðu;7.Oca;Oca.36;5.Nis;Aðu.96;Oca.35;5;9;Oca.36;May.25;9;34;Oca.42;Oca.36;5.May;May.15;10;Aðu.72;32;Oca.65;1.Haz;Þub.45;Þub.33;22;-1.5;2.Oca;2.Þub;1.Eyl;Oca.85;Oca.32;May.62;Eki.39
D1;10.03.2019;Hannover 96;Bayer 04 Leverkusen;2;3;A;0;2;A;11;15;5;5;14;15;6;6;3;1;0;0;8.May;May.75;1.Mar;Tem.75;May.25;Oca.36;7;5.Oca;1.Nis;Aðu.15;May.29;Oca.39;8.May;May.25;Oca.35;8;5.May;Oca.36;34;9;8.Aðu;May.75;May.32;1.Nis;Oca.36;33;1.May;Oca.45;Þub.88;Þub.72;22;1.May;Oca.95;Oca.89;2.Þub;Oca.97;Tem.65;May.27;1.Nis
D1;10.03.2019;TSG 1899 Hoffenheim;1. FC Nürnberg;2;1;H;1;0;H;18;11;6;5;10;7;8;3;3;2;0;0;Oca.25;May.75;12;Oca.28;Haz.25;9.May;1.Mar;5.Haz;9.Mar;Oca.29;May.96;Kas.21;Oca.25;6;12;Oca.29;6;10.May;34;1.Mar;Oca.27;Haz.35;May.92;Ara.25;Eki.77;33;Oca.45;1.Nis;3.Oca;Þub.91;22;-2;Þub.36;Þub.28;Oca.71;Oca.66;Oca.29;Haz.36;Eyl.82
D1;11.03.2019;Fortuna Düsseldorf;Eintracht Frankfurt;0;3;A;0;0;D;7;15;3;6;9;14;1;5;1;2;0;0;Þub.75;3.Nis;Þub.55;2.Tem;3.Haz;2.May;2.Tem;Mar.55;2.May;Þub.73;Mar.74;Þub.55;2.Tem;3.Haz;2.May;2.Tem;3.Haz;Þub.55;33;Þub.81;Þub.72;Mar.74;Mar.57;Þub.57;Þub.51;32;1.Tem;Oca.67;2.Mar;Þub.21;19;0.25;Oca.76;Oca.72;Þub.25;Þub.18;Þub.74;Mar.59;Þub.62
D1;15.03.2019;Borussia Mönchengladbach;SC Freiburg;1;1;D;1;1;D;13;10;2;2;10;13;10;6;0;3;0;0;Oca.53;3.Eyl;Haz.25;1.Haz;4.Oca;5.May;1.Haz;4;5.May;Oca.57;Nis.29;Haz.14;Oca.55;4.Þub;6;1.Haz;4.Þub;May.75;31;1.Haz;Oca.57;Nis.35;Nis.14;6.Mar;May.85;33;Oca.75;Oca.68;2.Mar;Þub.19;20;-1.25;Þub.32;Þub.25;Oca.75;Oca.68;Oca.64;4.May;May.83
D1;16.03.2019;FC Augsburg;Hannover 96;3;1;H;0;1;A;22;13;10;4;11;10;2;3;1;4;0;0;Oca.61;Nis.33;5;Oca.62;4.Þub;May.25;1.Haz;4;5.May;Oca.68;Mar.92;May.55;Oca.65;4.Þub;5;Oca.65;4.Nis;5;31;1.Tem;Oca.64;4.May;4.Kas;May.55;May.18;33;Oca.72;Oca.67;Þub.35;Þub.21;22;-1;Þub.19;2.Oca;Oca.83;Oca.78;Oca.64;Nis.19;May.53
D1;16.03.2019;Hertha BSC;Borussia Dortmund;2;3;A;2;1;H;7;25;4;8;10;5;4;10;3;3;2;0;4.Þub;Mar.75;Oca.85;4.Oca;3.Tem;Oca.87;4;3.Haz;1.Eyl;4.Kas;Mar.67;Oca.96;4;3.Haz;Oca.91;3.Aðu;Mar.75;Oca.95;34;4.Þub;Mar.97;3.Eyl;Mar.67;Oca.97;Oca.91;33;Oca.75;Oca.71;Þub.22;Þub.13;20;1;Oca.55;Oca.49;2.Aðu;Þub.69;Mar.66;Mar.65;2.Eyl
D1;16.03.2019;FC Schalke 04 04;RB Leipzig;0;1;A;0;1;A;14;15;3;4;12;16;0;6;1;1;0;0;Mar.75;3.Haz;2;3.Aðu;3.May;2;3.Tem;3.May;2;4.Þub;Mar.52;2.Mar;3.Eyl;3.Nis;2;3.Aðu;3.Nis;2.May;31;4.Þub;Mar.85;3.Haz;Mar.44;2.May;2.Oca;33;2.May;Oca.97;1.Eyl;Oca.84;20;0.25;Þub.22;Þub.15;Oca.78;Oca.74;Mar.93;Mar.61;2.Þub
D1;16.03.2019;VfB Stuttgart;TSG 1899 Hoffenheim;1;1;D;0;1;A;13;21;2;8;10;15;4;9;4;2;0;0;3.Tem;4;Oca.85;3.Aðu;4;Oca.85;3.Tem;Mar.95;1.Eyl;Mar.84;4.Mar;Oca.93;3.Aðu;3.Eyl;Oca.88;3.Tem;4;Oca.95;34;4;Mar.76;4.Kas;Mar.93;Oca.95;1.Eyl;33;1.May;Oca.44;2.Eyl;Þub.76;20;0.5;2.Þub;Oca.97;Oca.95;Oca.89;Mar.85;4.May;Oca.92
D1;16.03.2019;VfL Wolfsburg;Fortuna Düsseldorf;5;2;H;1;1;D;19;18;10;6;15;9;7;5;1;1;0;0;Oca.75;Mar.75;Nis.75;Oca.75;3.Tem;Nis.75;Oca.85;3.Haz;Nis.25;Oca.81;3.Aðu;4.Tem;Oca.78;3.Tem;4.May;Oca.83;3.Aðu;4.Nis;30;Oca.88;1.Aðu;3.Eyl;Mar.71;Nis.75;Nis.46;32;Oca.82;Oca.75;Þub.16;2.Aðu;19;-0.75;2.Eyl;2.Mar;Oca.87;Oca.84;Oca.91;Mar.66;Nis.34
D1;17.03.2019;FC Bayern München;1. FSV Mainz 05;6;0;H;3;0;H;22;7;11;1;7;5;13;2;1;0;0;0;1.Ara;9;17;Oca.13;9;19;Oca.15;8;17;Oca.13;Eyl.23;23.Oca;1.Ara;8.May;23;Oca.13;9.May;23;34;Oca.15;Oca.13;10;Aðu.94;27;21.65;33;Oca.35;Oca.33;Mar.55;3.Mar;22;-2.5;2.May;2.Oca;1.Eyl;Oca.85;1.Ara;Eyl.62;25.37
D1;17.03.2019;Eintracht Frankfurt;1. FC Nürnberg;1;0;H;1;0;H;24;9;4;3;4;13;8;3;0;2;0;0;1.Nis;5;7.May;Oca.42;Nis.75;7.May;1.Nis;4.Aðu;7.May;1.Nis;Nis.87;Aðu.69;Oca.38;Nis.75;8.May;1.Nis;5;8;34;Oca.45;1.Nis;May.15;Nis.82;Aðu.69;Tem.91;32;Oca.66;Oca.61;Þub.42;Þub.31;22;-1.5;Þub.25;Þub.15;1.Aðu;Oca.74;Oca.34;May.61;9.Oca
D1;17.03.2019;Bayer 04 Leverkusen;SV Werder Bremen;1;3;A;0;2;A;15;10;2;5;8;11;10;3;3;2;0;0;1.Haz;4.Þub;May.25;Oca.57;Nis.33;5.May;1.Haz;Nis.35;5;Oca.63;Nis.46;May.18;1.Haz;4.Þub;May.25;Oca.62;4.Nis;5;34;Oca.65;Oca.61;4.Haz;Nis.34;5.May;5.Kas;33;1.May;Oca.44;2.Eyl;Þub.72;21;-1;2.Mar;Oca.99;1.Eyl;Oca.86;1.Haz;Nis.38;May.74
D1;29.03.2019;TSG 1899 Hoffenheim;Bayer 04 Leverkusen;4;1;H;1;1;D;13;18;5;6;8;6;4;7;2;2;0;0;Þub.37;3.Aðu;2.Tem;Þub.25;3.Eyl;Þub.85;2.Nis;3.Haz;2.Aðu;Þub.45;Mar.96;Þub.75;Þub.38;3.Eyl;2.Tem;2.Nis;4;2.Tem;34;Þub.46;Þub.38;4.Oca;Mar.86;Þub.87;Þub.74;32;Oca.38;Oca.35;Mar.35;3.Ara;19;0;Oca.86;Oca.81;2.Oca;2.Haz;Þub.34;4.Oca;Þub.87
D1;30.03.2019;Borussia Dortmund;VfL Wolfsburg;2;0;H;0;0;D;11;7;5;3;11;13;5;4;0;3;0;0;1.May;Nis.33;6.May;1.May;4.May;Haz.25;1.May;4.May;6;Oca.51;Nis.56;Haz.72;1.May;4.Nis;6.May;Oca.53;4.Haz;Haz.25;33;Oca.53;1.May;4.Tem;Nis.49;Tem.25;Haz.44;31;1.Haz;Oca.54;2.Haz;Oca.45;21;-1.5;2.Nis;Þub.33;1.Tem;Oca.63;1.May;Nis.47;Tem.23
D1;30.03.2019;Fortuna Düsseldorf;Borussia Mönchengladbach;3;1;H;3;0;H;8;13;4;6;14;13;1;2;2;3;0;0;3;3.May;2.Mar;Þub.95;3.May;Þub.35;3.Oca;Mar.45;2.Mar;Mar.22;3.May;Þub.33;3.Oca;3.May;Þub.25;Mar.13;3.May;2.Mar;34;Mar.22;3.Haz;3.Haz;Mar.48;2.Nis;Þub.32;33;Oca.85;Oca.79;2.Oca;2.Mar;20;0.25;Oca.93;Oca.87;2.Nis;Oca.99;Mar.82;Mar.78;2
D1;30.03.2019;SC Freiburg;FC Bayern München;1;1;D;1;1;D;12;26;5;8;8;9;1;7;3;1;0;0;12;6.May;Oca.22;10.May;Haz.25;Oca.26;11;6.Oca;Oca.25;Kas.52;Haz.25;Oca.27;12;6;Oca.25;12;6.May;Oca.25;34;14.25;Kas.55;6.Eyl;Haz.29;Oca.28;Oca.25;33;Oca.45;Oca.41;3.May;Þub.85;23;1.May;Þub.35;Þub.24;Oca.71;Oca.68;13.34;7.Mar;Oca.22
D1;30.03.2019;1. FC Nürnberg;FC Augsburg;3;0;H;0;0;D;12;14;4;3;8;12;4;4;1;3;0;0;Þub.87;3.Mar;2.May;Þub.75;3.Mar;2.Haz;Þub.85;3.Mar;2.May;3.Mar;Mar.23;2.Haz;2.Eyl;3.Þub;Þub.55;2.Eyl;3.Mar;Þub.55;34;3.Mar;Þub.92;Mar.35;Mar.25;Þub.65;Þub.53;33;2.Kas;2.Mar;Oca.85;Oca.79;20;0;2.Ara;2.Aðu;Oca.83;1.Aðu;Mar.17;Mar.37;Þub.42
D1;30.03.2019;RB Leipzig;Hertha BSC;5;0;H;2;0;H;21;6;9;0;7;6;6;3;1;1;0;0;1.May;Nis.33;6.May;1.May;Nis.33;6.May;1.May;4.Nis;6.Þub;Oca.53;Nis.23;7.Oca;1.May;4.Þub;7;Oca.53;4.Nis;Haz.25;34;Oca.55;Oca.51;Nis.55;4.Mar;Tem.15;Haz.57;33;1.Aðu;Oca.74;2.Þub;2.Kas;23;-1;Oca.92;Oca.85;Þub.17;2;1.Haz;4.Tem;Haz.32
D1;30.03.2019;SV Werder Bremen;1. FSV Mainz 05;3;1;H;2;0;H;8;12;4;5;11;9;7;8;0;1;0;0;Oca.61;Nis.33;5;Oca.65;4;May.25;Oca.65;3.Eyl;5.Þub;Oca.65;4.Kas;May.63;Oca.62;4.Þub;May.25;Oca.65;Nis.33;5;34;Oca.68;Oca.64;Nis.35;4.Aðu;May.63;May.25;33;1.Tem;Oca.65;Þub.35;Þub.25;22;-1;Þub.13;2.Aðu;Oca.85;Oca.79;Oca.65;Nis.13;May.58
D1;31.03.2019;Eintracht Frankfurt;VfB Stuttgart;3;0;H;1;0;H;11;10;5;3;13;10;5;5;2;1;0;0;Oca.44;5;6.May;Oca.48;Nis.75;6;Oca.45;4.May;7;Oca.47;4.Tem;7.Oca;Oca.44;Nis.75;7;Oca.45;5;6.May;34;1.May;Oca.46;5.Þub;Nis.78;Tem.25;Haz.59;32;1.Haz;Oca.53;2.Haz;Þub.46;23;-1.5;Þub.35;Þub.23;Oca.75;Oca.68;Oca.52;Nis.63;Haz.35
D1;31.03.2019;Hannover 96;FC Schalke 04 04;0;1;A;0;1;A;15;6;3;3;16;17;8;2;1;1;0;0;4.May;3.Haz;1.Aðu;Nis.33;3.Tem;Oca.83;4.May;3.Haz;1.Aðu;Nis.66;Mar.62;Oca.86;4.May;3.Tem;1.Aðu;4.Mar;3.Aðu;Oca.83;33;Nis.75;Nis.42;Mar.85;Mar.68;Oca.87;Oca.82;32;Oca.91;Oca.86;2.Oca;Oca.94;21;1;1.Haz;Oca.55;2.Haz;Þub.53;Nis.28;Mar.72;Oca.91
D1;5.04.2019;1. FSV Mainz 05;SC Freiburg;5;0;H;3;0;H;9;17;5;5;17;7;2;7;3;1;0;0;2.Þub;3.Mar;3.Nis;2.Þub;3.Nis;3.Mar;Þub.25;3.Nis;3.Þub;Þub.23;Mar.51;Mar.42;2.Þub;3.Nis;3.Mar;Þub.25;3.May;3.Mar;32;Þub.28;2.Þub;Mar.55;Mar.42;Mar.57;Mar.35;30;1.Eyl;Oca.83;2.Haz;Oca.97;17;-0.25;Oca.95;1.Eyl;2;Oca.96;Þub.16;3.Haz;3.May
D1;6.04.2019;FC Bayern München;Borussia Dortmund;5;0;H;4;0;H;22;5;10;1;9;12;11;1;1;2;0;0;Oca.53;Nis.75;May.25;Oca.55;5;5;Oca.65;4.May;4.May;Oca.53;Nis.72;6.Þub;Oca.52;4.May;5.Aðu;Oca.53;4.Aðu;5.May;35;Oca.65;Oca.53;5;Nis.67;6.Þub;May.62;33;Oca.45;Oca.42;3;Þub.83;22;-1;Oca.97;Oca.82;2.Ara;2.May;Oca.46;May.13;7.Þub
D1;6.04.2019;Hertha BSC;Fortuna Düsseldorf;1;2;A;1;1;D;13;13;3;7;18;11;2;6;2;1;0;0;1.Eyl;3.Haz;4;1.Eyl;3.Haz;4.Oca;Oca.93;3.Haz;3.Eyl;Oca.95;Mar.61;Nis.22;Oca.91;3.Haz;4;Oca.93;3.Tem;4;35;2;Oca.93;3.Aðu;Mar.58;Nis.22;4.Þub;33;1.Eyl;Oca.84;2.May;Oca.97;20;-1;Þub.84;Þub.76;1.May;Oca.47;Oca.98;Mar.82;Mar.85
D1;6.04.2019;Bayer 04 Leverkusen;RB Leipzig;2;4;A;2;1;H;11;8;4;4;10;12;6;2;2;1;0;0;2.Mar;Mar.75;2.Eyl;Þub.35;3.Haz;Þub.85;2.Nis;3.May;Þub.85;Þub.34;Mar.72;3.Mar;2.Mar;3.Tem;2.Eyl;2.Mar;Mar.75;2.Eyl;35;2.Nis;Þub.33;3.Aðu;Mar.63;3.May;Þub.92;33;Oca.64;Oca.59;Þub.45;Þub.35;20;-0.25;2.Haz;2.Oca;Oca.89;Oca.85;Þub.56;Mar.62;Þub.79
D1;6.04.2019;FC Schalke 04 04;Eintracht Frankfurt;1;2;A;1;1;D;6;16;4;5;16;8;3;6;5;1;1;0;3.Mar;3.May;Þub.15;3.Mar;3.Nis;2.Þub;Mar.25;Mar.45;2.Þub;Mar.48;Mar.48;Þub.22;3.Nis;3.Nis;Þub.15;3.Mar;3.May;2.Þub;35;Mar.48;Mar.29;3.Haz;Mar.43;Þub.26;Þub.22;33;Oca.93;Oca.86;2.Oca;Oca.95;20;0.25;2.Oca;Oca.94;Þub.39;Oca.93;Mar.26;Mar.61;Þub.27
D1;6.04.2019;VfB Stuttgart;1. FC Nürnberg;1;1;D;0;1;A;14;19;4;6;8;11;12;5;1;3;0;0;1.Aðu;Mar.75;4.May;1.Aðu;3.Tem;4.May;Oca.85;3.Haz;Nis.25;Oca.82;Mar.65;Nis.91;Oca.78;3.Tem;4.Haz;1.Aðu;3.Aðu;4.May;35;Oca.85;1.Aðu;Mar.82;Mar.64;Nis.91;Nis.61;33;2.Oca;Oca.93;Oca.95;Oca.87;21;-1;Þub.57;Þub.48;Oca.62;Oca.57;Oca.79;Mar.79;Nis.83
D1;6.04.2019;VfL Wolfsburg;Hannover 96;3;1;H;1;1;D;13;11;5;4;9;11;9;2;1;2;0;0;Oca.33;5.May;8.May;Oca.36;May.25;Aðu.25;Oca.37;5;8;Oca.37;May.19;9.Kas;Oca.36;5;8.May;1.Nis;5.Nis;7.May;35;Oca.41;Oca.37;5.May;May.14;9.Kas;Aðu.29;33;1.Haz;Oca.55;Þub.55;Þub.44;22;-1.5;2.Oca;2.May;Oca.86;Oca.82;Oca.45;Nis.88;Tem.16
D1;7.04.2019;FC Augsburg;TSG 1899 Hoffenheim;0;4;A;0;1;A;8;18;0;9;9;10;4;3;1;1;0;0;3.Haz;Nis.33;Oca.83;3.Tem;Nis.25;Oca.85;Mar.65;Nis.15;Oca.87;Mar.73;Nis.27;Oca.91;3.Tem;4.Þub;Oca.85;3.Tem;4.Þub;Oca.87;35;Mar.85;Mar.69;Nis.35;Nis.15;Oca.91;Oca.87;33;Oca.42;Oca.36;3.Mar;3.Aðu;20;0.5;2.May;Oca.99;Oca.92;Oca.87;4.Haz;Nis.33;Oca.82
D1;7.04.2019;Borussia Mönchengladbach;SV Werder Bremen;1;1;D;0;0;D;15;12;3;6;7;6;7;1;2;2;0;0;2.May;3.Haz;3.Nis;2.Oca;3.Haz;3.Nis;Þub.25;3.Haz;3;2.Oca;Mar.68;3.Haz;2.May;3.Haz;3.May;2.Oca;3.Haz;3.Nis;35;Þub.25;2.Eyl;Mar.75;3.Haz;Mar.61;Mar.44;34;1.Tem;Oca.64;Þub.35;Þub.25;20;-0.25;Oca.85;Oca.82;2.Ara;2.Nis;2.Þub;Mar.81;Mar.71
D1;12.04.2019;1. FC Nürnberg;FC Schalke 04 04;1;1;D;0;0;D;17;16;6;2;12;13;11;9;1;2;0;0;3.Nis;Mar.25;Þub.25;3.Mar;3.Mar;Þub.25;Mar.25;3.Þub;2.Mar;Mar.39;Mar.38;2.Mar;3.Mar;3.Mar;Þub.25;3.Mar;3.Mar;2.Mar;35;Mar.52;Mar.32;3.Nis;Mar.27;Þub.37;Þub.29;34;Þub.14;2.Tem;Oca.85;Oca.76;19;0.25;Oca.94;1.Eyl;2.Oca;Oca.96;Mar.42;Mar.43;Þub.26
D1;13.04.2019;Borussia Dortmund;1. FSV Mainz 05;2;1;H;2;0;H;11;17;7;9;10;6;4;4;0;1;0;0;1.Mar;May.75;9.May;1.Mar;May.75;9.May;1.Mar;5.Aðu;9;Oca.31;May.73;Eki.65;Oca.29;5.Aðu;10;1.Mar;6;9.May;35;Oca.33;1.Mar;Haz.45;May.69;11.May;Eyl.98;34;1.May;Oca.45;2.Eyl;Þub.71;22;-1.5;1.Eyl;Oca.85;2.Haz;2.Oca;Oca.28;Haz.22;Eki.69
D1;13.04.2019;Hannover 96;Borussia Mönchengladbach;0;1;A;0;0;D;12;18;5;9;10;8;3;12;0;0;0;0;May.25;Nis.33;1.Haz;5.May;4.Oca;1.Haz;5;4.Þub;Oca.63;May.38;Nis.17;Oca.66;May.25;4.Þub;Oca.62;May.25;4.Nis;Oca.62;34;May.75;May.25;Nis.45;4.Þub;Oca.66;Oca.62;32;Oca.61;Oca.57;2.May;Þub.39;21;1;Oca.88;Oca.83;2.Aðu;2.Þub;May.75;Nis.78;Oca.54
D1;13.04.2019;RB Leipzig;VfL Wolfsburg;2;0;H;2;0;H;21;6;10;2;19;12;9;3;1;1;0;0;Oca.57;4.Þub;May.75;Oca.57;4.Oca;6;Oca.57;4.Þub;5.May;1.Haz;Nis.22;May.94;Oca.57;4.Þub;5.Aðu;Oca.57;Nis.33;May.75;35;Oca.62;Oca.58;Nis.45;4.Þub;6.Þub;May.75;34;Oca.71;Oca.66;Þub.35;Þub.22;22;-1;2.Oca;Oca.97;Oca.93;Oca.89;Oca.49;Nis.68;6.Aðu
D1;13.04.2019;VfB Stuttgart;Bayer 04 Leverkusen;0;1;A;0;0;D;13;18;5;5;13;11;7;6;1;0;1;0;4.Þub;4.Þub;Oca.75;4.Nis;3.Aðu;Oca.78;4;4;1.Aðu;Nis.31;4.Oca;Oca.83;4.Þub;4;Oca.78;4.Oca;4.Þub;1.Aðu;35;4.Nis;Nis.23;Nis.25;Mar.99;Oca.83;Oca.79;33;Oca.55;Oca.51;2.Tem;Þub.55;21;1;1.Tem;Oca.63;2.Nis;Þub.35;Nis.31;Nis.13;Oca.81
D1;13.04.2019;SV Werder Bremen;SC Freiburg;2;1;H;0;0;D;17;9;7;5;18;7;7;3;1;3;0;0;1.Haz;4;May.75;1.Haz;4.Oca;5.May;1.Haz;4.Þub;5.Nis;1.Haz;Nis.25;May.96;Oca.57;4.Þub;5.Aðu;1.Haz;Nis.33;May.75;35;Oca.63;Oca.59;Nis.38;Nis.18;6;May.63;34;1.Tem;Oca.65;Þub.31;Þub.24;22;-1;2.Oca;Oca.98;Oca.92;Oca.88;Oca.64;4.Kas;May.64
D1;14.04.2019;Eintracht Frankfurt;FC Augsburg;1;3;A;1;2;A;17;18;4;6;17;9;8;2;3;1;1;0;Oca.45;4.May;6.May;Oca.48;4.Haz;6.May;1.May;Nis.55;5.Eyl;Oca.53;Nis.56;Haz.34;1.May;4.Haz;6;1.May;4.Aðu;6;35;Oca.55;Oca.51;4.Aðu;Nis.57;Haz.62;Haz.18;33;Oca.58;Oca.53;2.Haz;Þub.48;21;-1;Oca.85;1.Aðu;Þub.13;2.Haz;Oca.46;Nis.83;7.Eyl
D1;14.04.2019;Fortuna Düsseldorf;FC Bayern München;1;4;A;0;2;A;7;21;2;10;11;8;2;6;1;0;0;0;12;7.May;Oca.18;12.May;Tem.25;1.Þub;12.May;6.May;Oca.22;Ara.39;Haz.96;Oca.23;13;7;1.Þub;13;7.May;1.Þub;35;14.25;Ara.35;7.Haz;Haz.96;Oca.25;Oca.22;33;Oca.37;Oca.32;3.Tem;Mar.29;21;2;2;Oca.92;2;Oca.94;17.96;Eyl.43;Oca.15
D1;14.04.2019;TSG 1899 Hoffenheim;Hertha BSC;2;0;H;1;0;H;30;5;7;2;8;16;9;3;1;0;0;0;1.Nis;5;6.May;Oca.44;5;6.May;Oca.45;5;6.Þub;Oca.46;5.Oca;Haz.57;Oca.44;5;6.May;Oca.44;5.Þub;6.May;35;Oca.47;Oca.44;May.35;5.Nis;Tem.25;Haz.59;33;1.Nis;Oca.34;3.Nis;Mar.22;22;-1;1.Tem;Oca.66;Þub.37;Þub.28;Oca.31;6.May;Aðu.55
D1;20.04.2019;FC Augsburg;VfB Stuttgart;6;0;H;3;0;H;24;14;13;4;13;6;9;4;0;0;0;0;2.May;3.May;3.Haz;2;3.Nis;3.Haz;2.May;3.Haz;3.May;2.Oca;Mar.46;Mar.84;2.May;3.May;3.Haz;2.May;3.Tem;3.May;34;2.Oca;2.May;Mar.73;Mar.52;Mar.84;Mar.59;33;Oca.79;Oca.73;Þub.17;2.Oca;18;-0.25;Oca.81;Oca.78;Þub.17;2.Oca;Þub.44;Mar.43;3.Oca
D1;20.04.2019;FC Bayern München;SV Werder Bremen;1;0;H;0;0;D;28;3;7;0;10;12;14;3;0;2;0;1;Oca.14;8;19;Oca.16;7.May;13.May;Oca.22;6.May;12.May;Oca.17;Aðu.49;16.Aðu;Oca.15;8.May;15;Oca.14;9;19;34;Oca.22;Oca.16;Eyl.25;Aðu.33;19;15.58;32;Oca.28;Oca.25;4.Oca;Mar.78;21;-2.5;Þub.35;2.Aðu;Oca.84;Oca.78;Oca.14;Eyl.96;18.84
D1;20.04.2019;Bayer 04 Leverkusen;1. FC Nürnberg;2;0;H;0;0;D;20;5;9;1;11;7;11;1;0;0;0;0;1.Mar;May.75;9.May;Oca.28;5.May;9;1.Mar;6;8.May;Oca.31;May.78;Eki.44;1.Mar;5.May;10;1.Mar;May.75;9.May;35;Oca.35;1.Mar;6.Oca;May.67;10.May;Eyl.45;34;Oca.46;Oca.42;3;2.Aðu;22;-1.5;Oca.88;Oca.84;2.Oca;2.Þub;Oca.28;Haz.22;11.Þub
D1;20.04.2019;1. FSV Mainz 05;Fortuna Düsseldorf;3;1;H;1;1;D;21;17;5;7;10;14;3;7;0;3;0;0;2.Oca;3.Haz;3.Nis;2.Oca;3.May;3.Þub;2.May;Mar.65;3.Nis;2.Kas;Mar.73;Mar.53;2.Oca;3.Haz;3.Nis;2.Oca;3.Haz;3.Nis;35;Þub.15;2.Eyl;3.Aðu;Mar.62;Mar.55;Mar.41;33;1.Tem;Oca.64;Þub.37;Þub.25;19;-0.25;Oca.85;Oca.82;2.Ara;2.May;2.Oca;Mar.94;Mar.62
D1;20.04.2019;Borussia Mönchengladbach;RB Leipzig;1;2;A;0;1;A;14;14;4;4;13;14;2;4;0;2;0;0;3;Mar.75;Þub.25;Þub.85;3.Nis;Þub.35;3.May;3.May;2.Mar;3.Ara;Mar.64;Þub.33;3;3.May;2.Mar;3;3.Haz;2.Mar;35;Mar.15;3.Oca;Mar.75;Mar.53;2.Nis;Þub.31;34;1.Aðu;Oca.74;2.Þub;2.Eyl;19;0;2.Mar;Þub.22;Oca.76;1.Tem;Þub.98;Mar.66;2.Nis
D1;20.04.2019;FC Schalke 04 04;TSG 1899 Hoffenheim;2;5;A;0;2;A;15;11;5;6;13;15;6;1;2;3;0;0;3.Haz;4;1.Eyl;3.May;3.Eyl;1.Eyl;3.Tem;Mar.95;1.Eyl;Mar.71;Nis.18;Oca.93;3.Haz;4;Oca.91;Mar.75;4;Oca.91;34;Mar.83;Mar.66;Nis.18;Mar.97;2.May;Oca.91;32;Oca.55;Oca.52;Þub.65;Þub.51;18;0.75;Oca.77;Oca.74;Þub.21;Þub.15;Mar.48;Mar.93;2.Haz
D1;21.04.2019;SC Freiburg;Borussia Dortmund;0;4;A;0;1;A;9;10;2;6;10;6;5;3;2;0;0;0;6;Nis.33;Oca.53;5.May;4.Þub;Oca.55;5.Haz;4.Nis;Oca.55;6.Haz;Nis.37;Oca.57;6;Nis.33;Oca.53;6;4.Nis;Oca.55;35;6.Þub;May.79;Nis.62;Nis.37;1.Haz;Oca.55;33;Oca.62;Oca.58;2.May;Þub.37;22;1;2.Nis;Oca.98;Oca.92;Oca.88;Haz.37;Nis.89;Oca.49
D1;21.04.2019;Hertha BSC;Hannover 96;0;0;D;0;0;D;16;13;3;5;13;9;5;8;4;1;0;0;Oca.53;Nis.33;6;1.May;4.Þub;6;Oca.57;Nis.45;5.Nis;Oca.58;Nis.48;May.74;Oca.55;Nis.33;5.Aðu;Oca.57;4.May;5.May;35;1.Haz;Oca.56;4.Eyl;4.Nis;Haz.55;May.65;33;Oca.62;Oca.56;2.May;2.Nis;21;-1;Oca.96;Oca.91;2;Oca.95;Oca.68;Nis.22;5.Nis
D1;22.04.2019;VfL Wolfsburg;Eintracht Frankfurt;1;1;D;0;0;D;21;12;8;3;10;8;13;6;2;3;0;0;Þub.55;3.Haz;Þub.55;2.May;3.May;2.Haz;Þub.65;3.Nis;Þub.65;2.Tem;Mar.57;Þub.67;Þub.62;3.May;2.Haz;Þub.63;3.May;Þub.63;34;2.Tem;2.Haz;3.Tem;3.May;2.Aðu;Þub.64;32;1.Tem;Oca.65;Þub.31;Þub.23;18;-0.25;Þub.33;Þub.25;Oca.72;Oca.68;Þub.97;Mar.77;Þub.36
D1;26.04.2019;FC Augsburg;Bayer 04 Leverkusen;1;4;A;1;1;D;8;13;2;7;11;8;3;3;1;0;0;0;4.May;Nis.33;Oca.66;4.May;4.Nis;Oca.67;4.Þub;4.Oca;Oca.75;Nis.66;Nis.35;Oca.71;4.Nis;4.Þub;1.Tem;4.Nis;Nis.33;Oca.73;35;Nis.66;Nis.46;Nis.45;Nis.25;Oca.75;1.Tem;34;1.May;Oca.46;2.Aðu;Þub.65;22;1;1.Aðu;Oca.72;Þub.26;Þub.19;Nis.87;Nis.29;Oca.69
D1;27.04.2019;Borussia Dortmund;FC Schalke 04 04;2;4;A;1;2;A;8;8;2;4;9;18;2;4;0;6;2;0;1.Mar;5.May;9;1.Mar;5.May;10;Oca.33;5.May;8.Nis;Oca.33;May.54;10.Kas;1.Mar;5.May;10;Oca.33;5.May;9.May;35;Oca.34;Oca.32;May.85;May.45;10.May;Eyl.47;34;Oca.55;1.May;2.Tem;Þub.55;23;-1.5;Oca.95;1.Eyl;2;Oca.95;Oca.48;Nis.63;Tem.13
D1;27.04.2019;Eintracht Frankfurt;Hertha BSC;0;0;D;0;0;D;10;10;4;3;13;15;2;4;0;5;0;1;1.Nis;Nis.75;7;Oca.42;5;Haz.75;1.Nis;4.Aðu;7.May;Oca.41;May.44;7.Eyl;1.Nis;May.25;7;1.Nis;May.25;7.May;34;Oca.45;Oca.41;May.44;5.Kas;7.May;Haz.98;33;1.May;Oca.44;2.Eyl;Þub.73;23;-1.5;Þub.15;2.Aðu;Oca.85;Oca.78;Oca.39;5.Nis;Tem.78
D1;27.04.2019;Fortuna Düsseldorf;SV Werder Bremen;4;1;H;2;1;H;13;18;6;9;10;13;4;9;1;3;0;0;3.Þub;3.Nis;2.Þub;Þub.95;3.Haz;2.Mar;3.Þub;3.May;2.Þub;3.Oca;Mar.71;Þub.31;3;3.Haz;2.Mar;2.Eyl;3.Haz;Þub.38;34;3.Þub;Þub.97;3.Aðu;Mar.63;Þub.38;2.Mar;32;Oca.65;Oca.59;Þub.45;Þub.35;20;0.5;1.Tem;Oca.67;Þub.35;Þub.28;3;Mar.78;Þub.34
D1;27.04.2019;Hannover 96;1. FSV Mainz 05;1;0;H;0;0;D;7;23;3;4;10;14;4;7;2;1;0;0;3;3.Nis;2.Mar;2.Eyl;3.Tem;2.Mar;2.Eyl;Mar.55;Þub.35;3;Mar.72;Þub.36;2.Eyl;3.Haz;Þub.35;2.Eyl;3.Haz;2.Nis;35;3.May;Þub.93;Mar.72;Mar.57;2.Nis;Þub.34;33;Oca.67;Oca.63;Þub.38;Þub.27;20;0.5;Oca.68;Oca.64;2.Nis;Þub.34;3.Oca;Mar.78;Þub.28
D1;27.04.2019;RB Leipzig;SC Freiburg;2;1;H;1;0;H;15;14;4;8;15;15;5;4;3;5;0;0;Oca.25;5.May;12;Oca.25;Haz.25;11.May;Oca.25;6;11.May;Oca.25;Haz.43;Ara.42;Oca.24;6;13;Oca.25;Haz.25;13;34;Oca.27;Oca.25;6.Haz;6.Kas;13.75;Ara.15;33;Oca.55;Oca.51;2.Tem;Þub.54;23;-1.5;Oca.78;Oca.73;Þub.21;Þub.15;Oca.28;May.98;Kas.64
D1;27.04.2019;VfB Stuttgart;Borussia Mönchengladbach;1;0;H;0;0;D;13;17;6;4;18;8;2;7;2;1;0;0;3.May;3.May;2.May;3.Haz;3.Tem;2;Mar.55;3.Tem;2;Mar.63;Mar.77;2.Haz;3.Haz;3.Tem;2;3.May;3.Tem;2.May;34;Mar.65;Mar.55;Mar.85;Mar.66;2.Oca;2.Mar;33;1.Tem;Oca.66;Þub.35;Þub.22;20;0.5;Oca.91;Oca.85;2.Haz;2.Þub;Mar.62;Mar.87;2.Mar
D1;28.04.2019;TSG 1899 Hoffenheim;VfL Wolfsburg;1;4;A;1;1;D;19;22;7;10;13;9;9;3;2;2;0;0;Oca.45;Nis.75;6;1.May;5;5.May;1.May;5;5.Nis;1.May;May.25;May.72;Oca.47;5;5.Aðu;1.May;5;6;34;Oca.55;Oca.48;May.35;5.Nis;6.Oca;May.65;33;Oca.35;Oca.31;3.Tem;Mar.39;23;-1.5;Þub.25;Þub.18;Oca.76;Oca.71;Oca.45;May.23;Haz.62
D1;28.04.2019;1. FC Nürnberg;FC Bayern München;1;1;D;0;0;D;9;18;4;6;11;8;5;5;1;2;0;0;15;8;Oca.14;17.May;Aðu.75;Oca.14;16;8.Oca;Oca.15;16.89;Eyl.13;Oca.16;21;8.May;1.Ara;22;9;Oca.13;35;23;17.53;10;Aðu.87;Oca.16;Oca.14;33;1.Mar;Oca.24;Nis.25;Mar.86;22;2.May;Oca.95;Oca.88;2.Oca;Oca.97;22.23;10;Oca.13
D1;3.05.2019;1. FSV Mainz 05;RB Leipzig;3;3;D;1;2;A;14;15;6;5;14;12;6;4;1;1;0;0;4.May;4.Þub;1.Tem;4.May;4.Oca;1.Tem;4.Þub;4.Oca;Oca.75;Nis.67;Nis.21;Oca.74;4.May;4;Oca.73;4.May;4.Þub;Oca.75;32;4.Tem;Nis.48;Nis.25;4.Tem;Oca.75;Oca.73;31;Oca.53;Oca.47;Þub.85;Þub.64;18;1;Oca.75;1.Tem;Þub.26;Þub.21;Nis.79;Nis.28;1.Tem
D1;4.05.2019;FC Bayern München;Hannover 96;3;1;H;2;0;H;27;2;14;1;9;5;11;0;0;3;0;1;1.Mar;21;34;1.Mar;17.May;41;1.May;15;37;;;;1.Þub;19;51;1.Mar;23;46;31;1.May;1.Nis;25;17.52;76;45.03;32;Oca.16;Oca.14;6.May;May.52;20;-3.5;Oca.95;Oca.89;2.May;Oca.96;;;
D1;4.05.2019;Hertha BSC;VfB Stuttgart;3;1;H;2;0;H;11;14;6;1;13;17;2;5;1;1;0;0;2.Þub;3.Haz;3.Oca;2.Mar;3.Haz;3;2.Mar;Mar.55;Þub.95;Þub.33;3.Tem;3.Tem;2.Mar;3.May;3;2.Mar;3.Haz;3;34;Þub.42;Þub.32;Mar.75;Mar.55;3.Oca;Þub.98;33;1.Tem;Oca.64;Þub.35;Þub.26;20;-0.5;Þub.36;Þub.31;1.Tem;Oca.65;Þub.29;Mar.68;Mar.15
D1;4.05.2019;Borussia Mönchengladbach;TSG 1899 Hoffenheim;2;2;D;0;1;A;10;26;5;9;10;18;2;7;2;4;0;0;2.Tem;4;2.Mar;Þub.75;4;2.Mar;2.Tem;3.Eyl;Þub.35;2.Tem;4.Mar;Þub.46;Þub.62;3.Eyl;2.Nis;Þub.75;4;Þub.38;35;Þub.85;Þub.72;4.May;3.Eyl;Þub.46;Þub.37;33;Oca.36;Oca.33;Mar.45;Mar.26;18;0;2.Þub;2.May;Oca.87;Oca.82;Þub.32;4.Oca;Þub.91
D1;4.05.2019;SV Werder Bremen;Borussia Dortmund;2;2;D;0;2;A;14;21;4;8;17;7;4;8;2;1;0;0;Mar.25;Mar.75;2.May;3.Oca;Mar.75;Þub.15;Mar.15;3.Aðu;2.Oca;Mar.17;4;Þub.17;3.Oca;3.Eyl;2.Oca;Mar.13;3.Eyl;Þub.15;34;3.Mar;Mar.15;4;Mar.82;2.Þub;Þub.14;32;Oca.55;1.May;2.Tem;Þub.55;20;0.5;1.Aðu;Oca.75;Þub.19;Þub.14;Mar.86;Nis.39;Oca.85
D1;4.05.2019;VfL Wolfsburg;1. FC Nürnberg;2;0;H;1;0;H;10;12;4;3;8;12;4;5;0;0;0;0;Oca.57;Nis.33;5.May;1.Haz;4.Oca;5.May;1.Haz;Nis.15;5.May;1.Haz;Nis.31;May.76;Oca.57;4.Þub;5.Aðu;Oca.62;4.Þub;5.May;34;Oca.62;Oca.59;Nis.45;Nis.16;Haz.25;May.68;32;Oca.69;Oca.62;2.Nis;Þub.29;21;-1;2.Mar;Oca.97;Oca.95;Oca.88;Oca.63;Nis.34;May.39
D1;5.05.2019;SC Freiburg;Fortuna Düsseldorf;1;1;D;1;1;D;9;16;3;3;12;11;5;4;2;3;1;0;2.Oca;Mar.75;3.Þub;2.Oca;3.Tem;3.Mar;Þub.15;Mar.65;3.Þub;Þub.22;3.Aðu;Mar.22;Þub.15;3.Haz;Mar.25;Þub.15;Mar.75;3.Þub;34;Þub.22;Þub.15;Mar.85;Mar.64;3.May;Mar.23;31;Oca.66;Oca.61;Þub.42;2.Mar;19;-0.5;Þub.21;Þub.15;Oca.79;Oca.74;Þub.29;Mar.74;3.Ara
D1;5.05.2019;Bayer 04 Leverkusen;Eintracht Frankfurt;6;1;H;6;1;H;17;4;11;2;3;11;1;4;0;3;0;0;Oca.61;4.May;5;Oca.65;Nis.33;Nis.75;Oca.65;4.Mar;Nis.75;Oca.67;Nis.42;Nis.92;Oca.63;Nis.33;4.Aðu;Oca.65;4.May;Nis.75;34;Oca.75;Oca.65;4.Haz;Nis.33;5.May;Nis.75;32;Oca.45;Oca.42;3;Þub.78;21;-1;Þub.25;2.Tem;Oca.85;1.Aðu;1.Tem;Nis.19;Nis.91
D1;5.05.2019;FC Schalke 04 04;FC Augsburg;0;0;D;0;0;D;14;7;3;3;4;7;7;4;1;0;0;0;1.Aðu;3.Aðu;Nis.33;1.Aðu;3.Aðu;Nis.33;Oca.77;3.Aðu;4.Nis;Oca.85;Mar.77;4.May;1.Aðu;Mar.75;Nis.33;1.Aðu;3.Eyl;4.Nis;34;Oca.87;1.Aðu;Mar.95;Mar.76;4.Haz;Nis.41;32;Oca.75;Oca.69;Þub.25;Þub.16;20;-1;Þub.55;Þub.43;Oca.63;Oca.58;Oca.68;4.Aðu;May.33
D1;11.05.2019;FC Augsburg;Hertha BSC;3;4;A;1;0;H;5;24;3;8;11;4;1;9;0;1;0;0;2.Nis;3.Haz;2.Aðu;Þub.35;3.Tem;Þub.85;2.Nis;3.Tem;2.Aðu;Þub.41;Mar.72;Þub.93;Þub.38;3.Haz;Þub.88;Þub.45;Mar.75;2.Aðu;34;Þub.45;Þub.39;Mar.85;Mar.63;3;Þub.85;33;Oca.55;1.May;2.Tem;Þub.54;19;0;Oca.84;Oca.76;2.Þub;Þub.13;Þub.57;Mar.76;Þub.71
D1;11.05.2019;Borussia Dortmund;Fortuna Düsseldorf;3;2;H;1;0;H;15;8;5;3;11;12;2;4;1;0;0;1;1.Mar;6;8.May;1.Mar;6.May;8;1.Mar;6.Þub;8.Mar;Oca.32;Haz.28;8.Haz;1.Mar;6;9;1.Mar;Haz.25;9.May;34;Oca.33;1.Mar;6.May;6.Kas;9.Haz;Aðu.75;33;Oca.36;Oca.27;4;Mar.67;23;-1.5;1.Aðu;Oca.75;Þub.21;Þub.13;Oca.37;May.77;7.Haz
D1;11.05.2019;Hannover 96;SC Freiburg;3;0;H;1;0;H;18;5;6;1;15;12;5;3;0;2;0;0;Þub.62;Mar.75;2.May;Þub.55;3.Eyl;2.May;2.Haz;Mar.75;2.May;Þub.68;Mar.81;Þub.57;Þub.62;3.Tem;2.May;Þub.63;3.Aðu;Þub.55;34;2.Aðu;Þub.63;3.Eyl;Mar.75;Þub.57;2.May;32;Oca.55;1.May;2.Tem;Þub.57;19;0;2.May;Oca.98;Oca.95;Oca.88;Mar.14;Mar.74;Þub.27
D1;11.05.2019;TSG 1899 Hoffenheim;SV Werder Bremen;0;1;A;0;1;A;19;11;3;6;16;10;1;4;3;4;0;0;Oca.44;May.25;6;Oca.48;May.25;5.May;Oca.48;5.Þub;5.Nis;Oca.49;May.45;May.66;Oca.47;May.25;5.May;Oca.45;5.May;May.75;34;1.May;Oca.47;5.Haz;May.29;6;May.54;32;Oca.25;Oca.23;Nis.35;4.Oca;23;-1.5;Þub.19;2.Kas;Oca.81;Oca.76;Oca.42;May.58;Haz.62
D1;11.05.2019;Bayer 04 Leverkusen;FC Schalke 04 04;1;1;D;1;0;H;18;8;5;3;10;10;4;4;2;1;0;0;Oca.33;May.75;8;Oca.33;5.May;Tem.25;Oca.33;5.May;8.May;Oca.37;May.66;8.Oca;Oca.33;5.May;8.May;Oca.33;May.75;8.May;34;Oca.38;Oca.34;5.Eyl;May.57;Aðu.75;8.Aðu;32;1.Nis;Oca.35;3.Mar;3.Ara;23;-1.5;Oca.93;Oca.89;2.Oca;Oca.96;Oca.37;5.May;Aðu.14
D1;11.05.2019;1. FC Nürnberg;Borussia Mönchengladbach;0;4;A;0;0;D;12;16;2;5;4;14;1;5;0;2;0;0;3.Aðu;4;Oca.85;3.Aðu;4;Oca.85;3.Tem;Mar.95;1.Eyl;Mar.84;Mar.95;Oca.95;3.Tem;3.Eyl;Oca.91;3.Aðu;4;Oca.93;35;3.Eyl;Mar.77;4.Oca;Mar.88;Oca.95;1.Eyl;33;Oca.61;Oca.55;Þub.55;Þub.41;20;0.5;2.Oca;Oca.95;Oca.95;Oca.91;Nis.28;Nis.22;Oca.79
D1;11.05.2019;RB Leipzig;FC Bayern München;0;0;D;0;0;D;10;11;3;5;11;9;1;6;0;2;0;0;5;4;Oca.66;Nis.33;Nis.33;1.Tem;4.Mar;4;Oca.75;Nis.67;Nis.27;Oca.72;Nis.75;4.Þub;Oca.67;Nis.75;Nis.33;1.Tem;34;5;Nis.61;Nis.45;Nis.22;Oca.75;Oca.69;33;Oca.55;Oca.45;2.Eyl;Þub.67;22;1;Oca.82;Oca.76;2.Þub;2.Ara;Nis.97;Nis.63;Oca.63
D1;11.05.2019;VfB Stuttgart;VfL Wolfsburg;3;0;H;1;0;H;11;8;4;2;14;10;4;3;1;2;0;0;3.Þub;3.May;2.Þub;3;3.Aðu;2.Þub;3.Oca;3.Tem;Þub.15;Mar.19;3.Aðu;Þub.22;3.Oca;3.Tem;2.Þub;3.Oca;3.Aðu;Þub.25;34;Mar.21;3.Kas;Mar.85;3.Tem;2.Mar;2.Þub;32;Oca.63;Oca.57;2.May;Þub.39;20;0.5;Oca.76;Oca.72;Þub.21;Þub.18;3.Haz;Mar.79;2.Mar
D1;12.05.2019;Eintracht Frankfurt;1. FSV Mainz 05;0;2;A;0;0;D;13;15;4;4;10;20;9;6;1;1;0;0;1.Haz;4.Þub;May.25;Oca.55;4.Haz;May.25;1.Haz;Nis.55;Nis.85;Oca.61;Nis.55;May.26;1.Haz;4.Nis;5;Oca.62;4.Haz;5;34;Oca.65;1.Haz;4.Aðu;Nis.47;5.May;5.Nis;32;1.Nis;Oca.33;3.Nis;Mar.22;22;-1;2;Oca.95;Oca.95;1.Eyl;Oca.53;Nis.76;May.93
D1;18.05.2019;FC Bayern München;Eintracht Frankfurt;5;1;H;1;0;H;23;6;14;2;7;13;5;3;2;2;0;0;Oca.25;6.May;10;Oca.25;Haz.25;11;1.Mar;5.May;9.Haz;Oca.27;Haz.22;Kas.22;Oca.25;6;12;Oca.25;6.May;11.May;38;1.Mar;Oca.26;Haz.65;6.Oca;12;Eki.91;35;1.Mar;Oca.25;4.Nis;Mar.83;23;-2;Þub.25;Oca.98;Oca.95;Oca.87;Oca.31;May.75;Eki.18
D1;18.05.2019;Fortuna Düsseldorf;Hannover 96;2;1;H;0;0;D;15;14;7;3;13;9;2;7;2;1;0;0;Oca.55;4.Þub;6;Oca.57;4.May;May.25;Oca.57;4.Haz;4.Eyl;1.Haz;Nis.65;May.27;Oca.57;4.May;May.25;Oca.57;4.Haz;May.25;39;Oca.61;Oca.58;4.Aðu;Nis.54;6;May.16;37;1.Nis;Oca.34;3.Nis;Mar.16;22;-1;Oca.95;1.Eyl;2.Oca;Oca.96;Oca.36;Haz.17;Tem.23
D1;18.05.2019;SC Freiburg;1. FC Nürnberg;5;1;H;2;0;H;18;14;8;5;15;9;4;2;2;1;0;0;Oca.75;4;Nis.33;Oca.78;4;4.Þub;Oca.75;4.Þub;Nis.15;Oca.79;Nis.15;Nis.39;Oca.75;4.Þub;4.Þub;Oca.75;4.Mar;4.Þub;38;1.Aðu;Oca.76;Nis.35;Nis.14;4.Nis;Nis.21;34;1.May;Oca.45;Þub.88;Þub.67;19;-0.75;Oca.99;Oca.95;Oca.95;Oca.91;Oca.74;Nis.24;Nis.61
D1;18.05.2019;Hertha BSC;Bayer 04 Leverkusen;1;5;A;1;2;A;9;13;4;8;10;14;4;3;1;1;0;0;7;4.May;Oca.44;Haz.25;5;Oca.45;6.May;4.Aðu;Oca.45;May.91;May.23;Oca.49;6;5;Oca.47;Haz.25;5;Oca.45;37;7;May.95;May.37;5.May;1.May;Oca.47;33;1.Mar;Oca.28;Mar.95;Mar.57;20;1;Þub.31;Þub.24;Oca.72;Oca.69;6.Tem;May.21;Oca.48
D1;18.05.2019;1. FSV Mainz 05;TSG 1899 Hoffenheim;4;2;H;0;2;A;22;19;12;7;17;9;8;5;2;4;0;1;4.Þub;Nis.75;Oca.65;Nis.33;5;Oca.62;4.Oca;Nis.75;Oca.67;Nis.26;Nis.81;Oca.71;4.Þub;Nis.75;Oca.67;4.Þub;4.Aðu;1.Tem;38;Nis.35;Nis.17;5;Nis.77;Oca.71;Oca.67;35;Oca.25;Oca.21;4.Haz;Nis.14;21;1;Oca.85;Oca.81;2.Ara;2.Haz;Nis.14;Nis.88;Oca.72
D1;18.05.2019;Borussia Mönchengladbach;Borussia Dortmund;0;2;A;0;1;A;7;12;0;3;8;6;2;2;1;1;0;0;2.Eyl;4;2.Þub;Þub.95;4.Oca;Þub.15;Þub.85;4.May;2.Þub;2.Eyl;Nis.22;Þub.25;Þub.88;4;2.Þub;2.Aðu;4.Þub;Þub.25;39;Þub.95;Þub.86;4.Mar;4.Aðu;Þub.28;Þub.21;37;Oca.35;1.Mar;Mar.65;3.Nis;19;0.25;Oca.95;Oca.89;2.Nis;Oca.98;Þub.89;Nis.27;Þub.25
D1;18.05.2019;FC Schalke 04 04;VfB Stuttgart;0;0;D;0;0;D;12;16;3;8;10;8;7;5;0;1;0;0;Oca.61;4.Þub;May.25;Oca.62;Nis.33;5;Oca.63;4.Mar;Nis.95;Oca.63;Nis.37;May.32;Oca.62;4.Þub;May.25;Oca.62;4.Nis;5.Þub;38;Oca.67;Oca.62;4.May;Nis.31;May.42;5.Nis;35;Oca.55;1.May;Þub.65;Þub.54;21;-1;2.May;2.Oca;Oca.89;Oca.85;Oca.65;Nis.53;Nis.91
D1;18.05.2019;SV Werder Bremen;RB Leipzig;2;1;H;1;0;H;6;10;3;3;16;12;3;9;2;2;0;0;2.May;4;2.May;Þub.65;3.Aðu;Þub.45;Þub.55;Mar.85;2.May;Þub.64;Mar.92;Þub.55;2.Haz;3.Aðu;2.May;Þub.63;3.Eyl;2.May;37;2.Tem;2.Haz;4;Mar.85;2.Haz;Þub.48;35;Oca.45;1.Nis;3.May;Þub.85;19;0;2.Mar;Oca.97;Oca.93;Oca.88;Þub.22;4.Oca;3.Tem
D1;18.05.2019;VfL Wolfsburg;FC Augsburg;8;1;H;3;0;H;18;12;10;4;5;11;6;5;0;2;0;0;1.Nis;Nis.75;8;Oca.45;5;Haz.25;Oca.43;5.Þub;6.Mar;Oca.41;May.48;7.Oca;1.Nis;May.25;7;1.Nis;5.Nis;7;38;Oca.45;Oca.42;5.May;May.25;8;Haz.69;36;Oca.35;Oca.32;Mar.52;Mar.25;23;-1.5;2.Oca;2.Nis;Oca.88;Oca.82;Oca.32;Haz.17;8.Tem
